sample_id,base_sample_id,disease,symptoms,language,input_style,source_type,severity,red_flag,review_status,review_notes
FYP_0001,FYP_0001,Common Cold,runny nose sneezing mild sore throat low grade fever fatigue,English,original_english,fyp_original,pending_review,pending_review,original_unreviewed,
FYP_0001_A01,FYP_0001,Common Cold,runny nose sneezing mild sore throat low grade fever tiredness,English,controlled_synonym_paraphrase,controlled_synonym_augmentation,pending_review,pending_review,pending_review,Generated from FYP_0001 using approved synonym dictionary; seed=42.
FYP_0001_A02,FYP_0001,Common Cold,runny nose sneezing mild throat irritation low grade fever extreme tiredness,English,controlled_synonym_paraphrase,controlled_synonym_augmentation,pending_review,pending_review,pending_review,Generated from FYP_0001 using approved synonym dictionary; seed=42.
FYP_0002,FYP_0002,Common Cold,blocked nose watery eyes mild headache sneezing cough,English,original_english,fyp_original,pending_review,pending_review,original_unreviewed,
FYP_0002_A01,FYP_0002,Common Cold,blocked nose watery eyes mild headache sneezing coughing,English,controlled_synonym_paraphrase,controlled_synonym_augmentation,pending_review,pending_review,pending_review,Generated from FYP_0002 using approved synonym dictionary; seed=42.
FYP_0002_A02,FYP_0002,Common Cold,blocked nose watery eyes mild head pain frequent sneezing cough,English,controlled_synonym_paraphrase,controlled_synonym_augmentation,pending_review,pending_review,pending_review,Generated from FYP_0002 using approved synonym dictionary; seed=42.
FYP_0003,FYP_0003,Common Cold,nasal congestion sneezing sore throat mild tiredness,English,original_english,fyp_original,pending_review,pending_review,original_unreviewed,
FYP_0003_A01,FYP_0003,Common Cold,nasal congestion sneezing throat irritation mild tiredness,English,controlled_synonym_paraphrase,controlled_synonym_augmentation,pending_review,pending_review,pending_review,Generated from FYP_0003 using approved synonym dictionary; seed=42.
FYP_0003_A02,FYP_0003,Common Cold,blocked nose sneezing painful throat mild tiredness,English,controlled_synonym_paraphrase,controlled_synonym_augmentation,pending_review,pending_review,pending_review,Generated from FYP_0003 using approved synonym dictionary; seed=42.
FYP_0004,FYP_0004,Common Cold,stuffy nose mild fever sneezing runny nose body ache,English,original_english,fyp_original,pending_review,pending_review,original_unreviewed,
FYP_0004_A01,FYP_0004,Common Cold,stuffy nose mild fever sneezing a nose that is running body ache,English,controlled_synonym_paraphrase,controlled_synonym_augmentation,pending_review,pending_review,pending_review,Generated from FYP_0004 using approved synonym dictionary; seed=42.
FYP_0004_A02,FYP_0004,Common Cold,stuffy nose mild fever frequent sneezing a nose that is running body ache,English,controlled_synonym_paraphrase,controlled_synonym_augmentation,pending_review,pending_review,pending_review,Generated from FYP_0004 using approved synonym dictionary; seed=42.
FYP_0005,FYP_0005,Common Cold,frequent sneezing watery discharge nose mild throat irritation,English,original_english,fyp_original,pending_review,pending_review,original_unreviewed,
FYP_0005_A01,FYP_0005,Common Cold,frequent frequent sneezing watery discharge nose mild throat irritation,English,controlled_synonym_paraphrase,controlled_synonym_augmentation,pending_review,pending_review,pending_review,Generated from FYP_0005 using approved synonym dictionary; seed=42.
FYP_0006,FYP_0006,Common Cold,nasal drip mild cough slight headache sneezing,English,original_english,fyp_original,pending_review,pending_review,original_unreviewed,
FYP_0006_A01,FYP_0006,Common Cold,nasal drip mild coughing slight headache sneezing,English,controlled_synonym_paraphrase,controlled_synonym_augmentation,pending_review,pending_review,pending_review,Generated from FYP_0006 using approved synonym dictionary; seed=42.
FYP_0006_A02,FYP_0006,Common Cold,nasal drip mild cough slight head pain frequent sneezing,English,controlled_synonym_paraphrase,controlled_synonym_augmentation,pending_review,pending_review,pending_review,Generated from FYP_0006 using approved synonym dictionary; seed=42.
FYP_0007,FYP_0007,Common Cold,runny nose congestion mild fever sneezing fatigue,English,original_english,fyp_original,pending_review,pending_review,original_unreviewed,
FYP_0007_A01,FYP_0007,Common Cold,runny nose congestion mild fever frequent sneezing fatigue,English,controlled_synonym_paraphrase,controlled_synonym_augmentation,pending_review,pending_review,pending_review,Generated from FYP_0007 using approved synonym dictionary; seed=42.
FYP_0007_A02,FYP_0007,Common Cold,nasal discharge congestion low-grade fever sneezing fatigue,English,controlled_synonym_paraphrase,controlled_synonym_augmentation,pending_review,pending_review,pending_review,Generated from FYP_0007 using approved synonym dictionary; seed=42.
FYP_0008,FYP_0008,Common Cold,blocked nose throat irritation sneezing mild body pain,English,original_english,fyp_original,pending_review,pending_review,original_unreviewed,
FYP_0008_A01,FYP_0008,Common Cold,blocked nose throat irritation frequent sneezing mild body pain,English,controlled_synonym_paraphrase,controlled_synonym_augmentation,pending_review,pending_review,pending_review,Generated from FYP_0008 using approved synonym dictionary; seed=42.
FYP_0008_A02,FYP_0008,Common Cold,stuffy nose throat irritation frequent sneezing mild body pain,English,controlled_synonym_paraphrase,controlled_synonym_augmentation,pending_review,pending_review,pending_review,Generated from FYP_0008 using approved synonym dictionary; seed=42.
FYP_0009,FYP_0009,Common Cold,runny nose mild sore throat sneezing watery eyes fatigue,English,original_english,fyp_original,pending_review,pending_review,original_unreviewed,
FYP_0009_A01,FYP_0009,Common Cold,runny nose mild throat irritation sneezing watery eyes fatigue,English,controlled_synonym_paraphrase,controlled_synonym_augmentation,pending_review,pending_review,pending_review,Generated from FYP_0009 using approved synonym dictionary; seed=42.
FYP_0009_A02,FYP_0009,Common Cold,nasal discharge mild sore throat sneezing watery eyes feeling very tired,English,controlled_synonym_paraphrase,controlled_synonym_augmentation,pending_review,pending_review,pending_review,Generated from FYP_0009 using approved synonym dictionary; seed=42.
FYP_0010,FYP_0010,Common Cold,nasal congestion sneezing mild fever sore throat,English,original_english,fyp_original,pending_review,pending_review,original_unreviewed,
FYP_0010_A01,FYP_0010,Common Cold,nasal congestion sneezing mild fever throat irritation,English,controlled_synonym_paraphrase,controlled_synonym_augmentation,pending_review,pending_review,pending_review,Generated from FYP_0010 using approved synonym dictionary; seed=42.
FYP_0010_A02,FYP_0010,Common Cold,stuffy nose sneezing low-grade fever sore throat,English,controlled_synonym_paraphrase,controlled_synonym_augmentation,pending_review,pending_review,pending_review,Generated from FYP_0010 using approved synonym dictionary; seed=42.
FYP_0011,FYP_0011,Common Cold,ناک بہنا چھینکیں آنا ہلکا بخار گلے میں خراش تھکاوٹ,Urdu-script,original_urdu_script,fyp_original,pending_review,pending_review,original_unreviewed,
FYP_0012,FYP_0012,Common Cold,بند ناک چھینکیں ہلکا سر درد آنکھوں سے پانی آنا,Urdu-script,original_urdu_script,fyp_original,pending_review,pending_review,original_unreviewed,
FYP_0013,FYP_0013,Common Cold,ناک بند ہونا گلے میں خراش چھینکیں ہلکی تھکاوٹ,Urdu-script,original_urdu_script,fyp_original,pending_review,pending_review,original_unreviewed,
FYP_0014,FYP_0014,Common Cold,چھینکیں ناک بہنا ہلکا بخار جسم میں درد,Urdu-script,original_urdu_script,fyp_original,pending_review,pending_review,original_unreviewed,
FYP_0015,FYP_0015,Common Cold,ناک سے پانی بہنا چھینکیں گلے میں جلن ہلکا سر درد,Urdu-script,original_urdu_script,fyp_original,pending_review,pending_review,original_unreviewed,
FYP_0016,FYP_0016,Flu,high fever chills body aches severe fatigue headache sore throat,English,original_english,fyp_original,pending_review,pending_review,original_unreviewed,
FYP_0016_A01,FYP_0016,Flu,severe fever chills body aches severe fatigue headache sore throat,English,controlled_synonym_paraphrase,controlled_synonym_augmentation,pending_review,pending_review,pending_review,Generated from FYP_0016 using approved synonym dictionary; seed=42.
FYP_0016_A02,FYP_0016,Flu,severe high temperature chills body aches severe fatigue headache sore throat,English,controlled_synonym_paraphrase,controlled_synonym_augmentation,pending_review,pending_review,pending_review,Generated from FYP_0016 using approved synonym dictionary; seed=42.
FYP_0017,FYP_0017,Flu,sudden high fever muscle pain joint pain fatigue weakness,English,original_english,fyp_original,pending_review,pending_review,original_unreviewed,
FYP_0017_A01,FYP_0017,Flu,sudden high fever muscle aches joint pain fatigue weakness,English,controlled_synonym_paraphrase,controlled_synonym_augmentation,pending_review,pending_review,pending_review,Generated from FYP_0017 using approved synonym dictionary; seed=42.
FYP_0017_A02,FYP_0017,Flu,sudden high fever aching muscles joint pain fatigue lack of strength,English,controlled_synonym_paraphrase,controlled_synonym_augmentation,pending_review,pending_review,pending_review,Generated from FYP_0017 using approved synonym dictionary; seed=42.
FYP_0018,FYP_0018,Flu,fever above 38 degrees severe body ache headache chills sweating,English,original_english,fyp_original,pending_review,pending_review,original_unreviewed,
FYP_0018_A01,FYP_0018,Flu,fever above 38 degrees severe body pain headache chills sweating,English,controlled_synonym_paraphrase,controlled_synonym_augmentation,pending_review,pending_review,pending_review,Generated from FYP_0018 using approved synonym dictionary; seed=42.
FYP_0018_A02,FYP_0018,Flu,high temperature above 38 degrees severe body ache head pain chills sweating,English,controlled_synonym_paraphrase,controlled_synonym_augmentation,pending_review,pending_review,pending_review,Generated from FYP_0018 using approved synonym dictionary; seed=42.
FYP_0019,FYP_0019,Flu,high temperature severe muscle aches fatigue loss of appetite,English,original_english,fyp_original,pending_review,pending_review,original_unreviewed,
FYP_0019_A01,FYP_0019,Flu,high temperature severe muscle aches tiredness loss of appetite,English,controlled_synonym_paraphrase,controlled_synonym_augmentation,pending_review,pending_review,pending_review,Generated from FYP_0019 using approved synonym dictionary; seed=42.
FYP_0019_A02,FYP_0019,Flu,high temperature severe muscle aches extreme tiredness not feeling hungry,English,controlled_synonym_paraphrase,controlled_synonym_augmentation,pending_review,pending_review,pending_review,Generated from FYP_0019 using approved synonym dictionary; seed=42.
FYP_0020,FYP_0020,Flu,sudden onset fever chills severe headache muscle pain cough,English,original_english,fyp_original,pending_review,pending_review,original_unreviewed,
FYP_0020_A01,FYP_0020,Flu,sudden onset fever chills severe headache muscle pain coughing,English,controlled_synonym_paraphrase,controlled_synonym_augmentation,pending_review,pending_review,pending_review,Generated from FYP_0020 using approved synonym dictionary; seed=42.
FYP_0020_A02,FYP_0020,Flu,sudden onset fever chills severe head pain aching muscles cough,English,controlled_synonym_paraphrase,controlled_synonym_augmentation,pending_review,pending_review,pending_review,Generated from FYP_0020 using approved synonym dictionary; seed=42.
FYP_0021,FYP_0021,Flu,high fever sweating body ache weakness loss of appetite nausea,English,original_english,fyp_original,pending_review,pending_review,original_unreviewed,
FYP_0021_A01,FYP_0021,Flu,high fever sweating body ache feeling weak loss of appetite nausea,English,controlled_synonym_paraphrase,controlled_synonym_augmentation,pending_review,pending_review,pending_review,Generated from FYP_0021 using approved synonym dictionary; seed=42.
FYP_0021_A02,FYP_0021,Flu,very high temperature sweating body ache weakness loss of appetite feeling like vomiting,English,controlled_synonym_paraphrase,controlled_synonym_augmentation,pending_review,pending_review,pending_review,Generated from FYP_0021 using approved synonym dictionary; seed=42.
FYP_0022,FYP_0022,Flu,fever chills severe fatigue muscle ache dry cough sore throat,English,original_english,fyp_original,pending_review,pending_review,original_unreviewed,
FYP_0022_A01,FYP_0022,Flu,high temperature chills severe fatigue muscle ache dry cough sore throat,English,controlled_synonym_paraphrase,controlled_synonym_augmentation,pending_review,pending_review,pending_review,Generated from FYP_0022 using approved synonym dictionary; seed=42.
FYP_0022_A02,FYP_0022,Flu,fever chills severe tiredness muscle ache dry coughing sore throat,English,controlled_synonym_paraphrase,controlled_synonym_augmentation,pending_review,pending_review,pending_review,Generated from FYP_0022 using approved synonym dictionary; seed=42.
FYP_0023,FYP_0023,Flu,abrupt high fever chills severe myalgia headache fatigue,English,original_english,fyp_original,pending_review,pending_review,original_unreviewed,
FYP_0023_A01,FYP_0023,Flu,abrupt high high temperature chills severe myalgia headache fatigue,English,controlled_synonym_paraphrase,controlled_synonym_augmentation,pending_review,pending_review,pending_review,Generated from FYP_0023 using approved synonym dictionary; seed=42.
FYP_0023_A02,FYP_0023,Flu,abrupt high fever chills severe myalgia head pain extreme tiredness,English,controlled_synonym_paraphrase,controlled_synonym_augmentation,pending_review,pending_review,pending_review,Generated from FYP_0023 using approved synonym dictionary; seed=42.
FYP_0024,FYP_0024,Flu,high fever body ache joint pain severe weakness dry cough,English,original_english,fyp_original,pending_review,pending_review,original_unreviewed,
FYP_0024_A01,FYP_0024,Flu,high fever body pain joint pain severe weakness dry cough,English,controlled_synonym_paraphrase,controlled_synonym_augmentation,pending_review,pending_review,pending_review,Generated from FYP_0024 using approved synonym dictionary; seed=42.
FYP_0024_A02,FYP_0024,Flu,high fever body ache aching joints severe weakness dry coughing,English,controlled_synonym_paraphrase,controlled_synonym_augmentation,pending_review,pending_review,pending_review,Generated from FYP_0024 using approved synonym dictionary; seed=42.
FYP_0025,FYP_0025,Flu,fever sweating chills muscle pain extreme fatigue headache,English,original_english,fyp_original,pending_review,pending_review,original_unreviewed,
FYP_0025_A01,FYP_0025,Flu,fever sweating chills muscle aches extreme fatigue headache,English,controlled_synonym_paraphrase,controlled_synonym_augmentation,pending_review,pending_review,pending_review,Generated from FYP_0025 using approved synonym dictionary; seed=42.
FYP_0025_A02,FYP_0025,Flu,raised temperature sweating chills muscle pain extreme tiredness headache,English,controlled_synonym_paraphrase,controlled_synonym_augmentation,pending_review,pending_review,pending_review,Generated from FYP_0025 using approved synonym dictionary; seed=42.
FYP_0026,FYP_0026,Flu,تیز بخار جسم میں درد ٹھنڈ لگنا شدید تھکاوٹ سر درد,Urdu-script,original_urdu_script,fyp_original,pending_review,pending_review,original_unreviewed,
FYP_0027,FYP_0027,Flu,اچانک تیز بخار پٹھوں میں درد جوڑوں میں درد کمزوری,Urdu-script,original_urdu_script,fyp_original,pending_review,pending_review,original_unreviewed,
FYP_0028,FYP_0028,Flu,بخار پسینہ ٹھنڈ لگنا جسم میں درد بھوک نہ لگنا,Urdu-script,original_urdu_script,fyp_original,pending_review,pending_review,original_unreviewed,
FYP_0029,FYP_0029,Flu,تیز بخار سر درد جسم میں شدید درد کھانسی تھکاوٹ,Urdu-script,original_urdu_script,fyp_original,pending_review,pending_review,original_unreviewed,
FYP_0030,FYP_0030,Flu,بخار ٹھنڈ لگنا شدید تھکاوٹ گلے میں درد پٹھوں میں درد,Urdu-script,original_urdu_script,fyp_original,pending_review,pending_review,original_unreviewed,
FYP_0031,FYP_0031,Pneumonia,chest pain difficulty breathing high fever productive cough,English,original_english,fyp_original,pending_review,pending_review,original_unreviewed,
FYP_0031_A01,FYP_0031,Pneumonia,chest pain difficulty breathing high high temperature productive cough,English,controlled_synonym_paraphrase,controlled_synonym_augmentation,pending_review,pending_review,pending_review,Generated from FYP_0031 using approved synonym dictionary; seed=42.
FYP_0031_A02,FYP_0031,Pneumonia,chest discomfort difficulty breathing very high temperature productive cough,English,controlled_synonym_paraphrase,controlled_synonym_augmentation,pending_review,pending_review,pending_review,Generated from FYP_0031 using approved synonym dictionary; seed=42.
FYP_0032,FYP_0032,Pneumonia,shortness of breath fever cough with yellow sputum chest tightness,English,original_english,fyp_original,pending_review,pending_review,original_unreviewed,
FYP_0032_A01,FYP_0032,Pneumonia,shortness of breath fever cough with yellow sputum pressure in the chest,English,controlled_synonym_paraphrase,controlled_synonym_augmentation,pending_review,pending_review,pending_review,Generated from FYP_0032 using approved synonym dictionary; seed=42.
FYP_0032_A02,FYP_0032,Pneumonia,shortness of breath high temperature cough with yellow sputum pressure in the chest,English,controlled_synonym_paraphrase,controlled_synonym_augmentation,pending_review,pending_review,pending_review,Generated from FYP_0032 using approved synonym dictionary; seed=42.
FYP_0033,FYP_0033,Pneumonia,breathlessness high temperature chest pain coughing phlegm,English,original_english,fyp_original,pending_review,pending_review,original_unreviewed,
FYP_0033_A01,FYP_0033,Pneumonia,difficulty breathing high temperature chest pain coughing phlegm,English,controlled_synonym_paraphrase,controlled_synonym_augmentation,pending_review,pending_review,pending_review,Generated from FYP_0033 using approved synonym dictionary; seed=42.
FYP_0033_A02,FYP_0033,Pneumonia,shortness of breath high temperature pain in the chest coughing phlegm,English,controlled_synonym_paraphrase,controlled_synonym_augmentation,pending_review,pending_review,pending_review,Generated from FYP_0033 using approved synonym dictionary; seed=42.
FYP_0034,FYP_0034,Pneumonia,difficulty breathing fever chills chest pain cough with mucus,English,original_english,fyp_original,pending_review,pending_review,original_unreviewed,
FYP_0034_A01,FYP_0034,Pneumonia,breathlessness fever chills chest pain cough with mucus,English,controlled_synonym_paraphrase,controlled_synonym_augmentation,pending_review,pending_review,pending_review,Generated from FYP_0034 using approved synonym dictionary; seed=42.
FYP_0034_A02,FYP_0034,Pneumonia,shortness of breath fever chills pain in the chest cough with mucus,English,controlled_synonym_paraphrase,controlled_synonym_augmentation,pending_review,pending_review,pending_review,Generated from FYP_0034 using approved synonym dictionary; seed=42.
FYP_0035,FYP_0035,Pneumonia,rapid breathing fever sweating chest pain cough rusty sputum,English,original_english,fyp_original,pending_review,pending_review,original_unreviewed,
FYP_0035_A01,FYP_0035,Pneumonia,rapid breathing fever sweating pain in the chest cough rusty sputum,English,controlled_synonym_paraphrase,controlled_synonym_augmentation,pending_review,pending_review,pending_review,Generated from FYP_0035 using approved synonym dictionary; seed=42.
FYP_0035_A02,FYP_0035,Pneumonia,rapid breathing high temperature sweating chest pain coughing rusty sputum,English,controlled_synonym_paraphrase,controlled_synonym_augmentation,pending_review,pending_review,pending_review,Generated from FYP_0035 using approved synonym dictionary; seed=42.
FYP_0036,FYP_0036,Pneumonia,breathing difficulty high fever chest discomfort productive cough,English,original_english,fyp_original,pending_review,pending_review,original_unreviewed,
FYP_0036_A01,FYP_0036,Pneumonia,breathing difficulty high fever chest discomfort productive coughing,English,controlled_synonym_paraphrase,controlled_synonym_augmentation,pending_review,pending_review,pending_review,Generated from FYP_0036 using approved synonym dictionary; seed=42.
FYP_0036_A02,FYP_0036,Pneumonia,breathing difficulty very high temperature chest discomfort productive coughing,English,controlled_synonym_paraphrase,controlled_synonym_augmentation,pending_review,pending_review,pending_review,Generated from FYP_0036 using approved synonym dictionary; seed=42.
FYP_0037,FYP_0037,Pneumonia,shortness of breath fever chills cough with phlegm chest pain,English,original_english,fyp_original,pending_review,pending_review,original_unreviewed,
FYP_0037_A01,FYP_0037,Pneumonia,shortness of breath fever chills cough with phlegm pain in the chest,English,controlled_synonym_paraphrase,controlled_synonym_augmentation,pending_review,pending_review,pending_review,Generated from FYP_0037 using approved synonym dictionary; seed=42.
FYP_0037_A02,FYP_0037,Pneumonia,shortness of breath raised temperature chills cough with phlegm pain in the chest,English,controlled_synonym_paraphrase,controlled_synonym_augmentation,pending_review,pending_review,pending_review,Generated from FYP_0037 using approved synonym dictionary; seed=42.
FYP_0038,FYP_0038,Pneumonia,labored breathing fever cough with yellow green mucus chest tightness,English,original_english,fyp_original,pending_review,pending_review,original_unreviewed,
FYP_0038_A01,FYP_0038,Pneumonia,labored breathing fever cough with yellow green mucus tight feeling in the chest,English,controlled_synonym_paraphrase,controlled_synonym_augmentation,pending_review,pending_review,pending_review,Generated from FYP_0038 using approved synonym dictionary; seed=42.
FYP_0038_A02,FYP_0038,Pneumonia,labored breathing fever coughing with yellow green mucus pressure in the chest,English,controlled_synonym_paraphrase,controlled_synonym_augmentation,pending_review,pending_review,pending_review,Generated from FYP_0038 using approved synonym dictionary; seed=42.
FYP_0039,FYP_0039,Pneumonia,chest pain high fever difficulty breathing cough sputum,English,original_english,fyp_original,pending_review,pending_review,original_unreviewed,
FYP_0039_A01,FYP_0039,Pneumonia,chest pain high fever difficulty breathing coughing sputum,English,controlled_synonym_paraphrase,controlled_synonym_augmentation,pending_review,pending_review,pending_review,Generated from FYP_0039 using approved synonym dictionary; seed=42.
FYP_0039_A02,FYP_0039,Pneumonia,pain in the chest severe fever difficulty breathing cough sputum,English,controlled_synonym_paraphrase,controlled_synonym_augmentation,pending_review,pending_review,pending_review,Generated from FYP_0039 using approved synonym dictionary; seed=42.
FYP_0040,FYP_0040,Pneumonia,breathlessness fever sweating chest tightness coughing mucus,English,original_english,fyp_original,pending_review,pending_review,original_unreviewed,
FYP_0040_A01,FYP_0040,Pneumonia,trouble breathing fever sweating chest tightness coughing mucus,English,controlled_synonym_paraphrase,controlled_synonym_augmentation,pending_review,pending_review,pending_review,Generated from FYP_0040 using approved synonym dictionary; seed=42.
FYP_0040_A02,FYP_0040,Pneumonia,breathlessness high temperature sweating pressure in the chest coughing mucus,English,controlled_synonym_paraphrase,controlled_synonym_augmentation,pending_review,pending_review,pending_review,Generated from FYP_0040 using approved synonym dictionary; seed=42.
FYP_0041,FYP_0041,Pneumonia,سینے میں درد سانس لینے میں دشواری تیز بخار بلغم والی کھانسی,Urdu-script,original_urdu_script,fyp_original,pending_review,pending_review,original_unreviewed,
FYP_0042,FYP_0042,Pneumonia,سانس پھولنا بخار سینے میں تکلیف کھانسی بلغم,Urdu-script,original_urdu_script,fyp_original,pending_review,pending_review,original_unreviewed,
FYP_0043,FYP_0043,Pneumonia,سانس میں تکلیف تیز بخار سینے میں درد کھانسی بلغم آنا,Urdu-script,original_urdu_script,fyp_original,pending_review,pending_review,original_unreviewed,
FYP_0044,FYP_0044,Pneumonia,سینے میں درد تیز بخار سانس لینے میں دشواری بلغم,Urdu-script,original_urdu_script,fyp_original,pending_review,pending_review,original_unreviewed,
FYP_0045,FYP_0045,Pneumonia,سانس پھولنا تیز بخار سینے میں تکلیف کھانسی,Urdu-script,original_urdu_script,fyp_original,pending_review,pending_review,original_unreviewed,
FYP_0046,FYP_0046,Heart Attack,severe chest pain radiating to left arm jaw pain sweating,English,original_english,fyp_original,pending_review,pending_review,original_unreviewed,
FYP_0046_A01,FYP_0046,Heart Attack,severe pain in the chest radiating to left arm jaw pain sweating,English,controlled_synonym_paraphrase,controlled_synonym_augmentation,pending_review,pending_review,pending_review,Generated from FYP_0046 using approved synonym dictionary; seed=42.
FYP_0047,FYP_0047,Heart Attack,crushing chest pressure shortness of breath sweating nausea,English,original_english,fyp_original,pending_review,pending_review,original_unreviewed,
FYP_0047_A01,FYP_0047,Heart Attack,crushing chest pressure shortness of breath sweating feeling sick,English,controlled_synonym_paraphrase,controlled_synonym_augmentation,pending_review,pending_review,pending_review,Generated from FYP_0047 using approved synonym dictionary; seed=42.
FYP_0047_A02,FYP_0047,Heart Attack,crushing chest pressure trouble breathing sweating feeling sick,English,controlled_synonym_paraphrase,controlled_synonym_augmentation,pending_review,pending_review,pending_review,Generated from FYP_0047 using approved synonym dictionary; seed=42.
FYP_0048,FYP_0048,Heart Attack,chest tightness left arm pain jaw pain cold sweat dizziness,English,original_english,fyp_original,pending_review,pending_review,original_unreviewed,
FYP_0048_A01,FYP_0048,Heart Attack,chest tightness left arm pain jaw pain cold sweat lightheadedness,English,controlled_synonym_paraphrase,controlled_synonym_augmentation,pending_review,pending_review,pending_review,Generated from FYP_0048 using approved synonym dictionary; seed=42.
FYP_0048_A02,FYP_0048,Heart Attack,tight feeling in the chest left arm pain jaw pain cold sweat feeling dizzy,English,controlled_synonym_paraphrase,controlled_synonym_augmentation,pending_review,pending_review,pending_review,Generated from FYP_0048 using approved synonym dictionary; seed=42.
FYP_0049,FYP_0049,Heart Attack,sudden severe chest pain sweating shortness of breath,English,original_english,fyp_original,pending_review,pending_review,original_unreviewed,
FYP_0049_A01,FYP_0049,Heart Attack,sudden severe chest discomfort sweating shortness of breath,English,controlled_synonym_paraphrase,controlled_synonym_augmentation,pending_review,pending_review,pending_review,Generated from FYP_0049 using approved synonym dictionary; seed=42.
FYP_0049_A02,FYP_0049,Heart Attack,sudden severe pain in the chest sweating breathlessness,English,controlled_synonym_paraphrase,controlled_synonym_augmentation,pending_review,pending_review,pending_review,Generated from FYP_0049 using approved synonym dictionary; seed=42.
FYP_0050,FYP_0050,Heart Attack,chest pressure radiating arm pain nausea sweating fainting,English,original_english,fyp_original,pending_review,pending_review,original_unreviewed,
FYP_0050_A01,FYP_0050,Heart Attack,chest pressure radiating arm pain feeling like vomiting sweating fainting,English,controlled_synonym_paraphrase,controlled_synonym_augmentation,pending_review,pending_review,pending_review,Generated from FYP_0050 using approved synonym dictionary; seed=42.
FYP_0050_A02,FYP_0050,Heart Attack,chest pressure radiating arm pain feeling sick sweating fainting,English,controlled_synonym_paraphrase,controlled_synonym_augmentation,pending_review,pending_review,pending_review,Generated from FYP_0050 using approved synonym dictionary; seed=42.
FYP_0051,FYP_0051,Heart Attack,sudden chest pain left shoulder pain sweating breathlessness,English,original_english,fyp_original,pending_review,pending_review,original_unreviewed,
FYP_0051_A01,FYP_0051,Heart Attack,sudden chest pain left shoulder pain sweating difficulty breathing,English,controlled_synonym_paraphrase,controlled_synonym_augmentation,pending_review,pending_review,pending_review,Generated from FYP_0051 using approved synonym dictionary; seed=42.
FYP_0051_A02,FYP_0051,Heart Attack,sudden chest discomfort left shoulder pain sweating difficulty breathing,English,controlled_synonym_paraphrase,controlled_synonym_augmentation,pending_review,pending_review,pending_review,Generated from FYP_0051 using approved synonym dictionary; seed=42.
FYP_0052,FYP_0052,Heart Attack,severe chest tightness pain in left arm cold sweat nausea,English,original_english,fyp_original,pending_review,pending_review,original_unreviewed,
FYP_0052_A01,FYP_0052,Heart Attack,severe tight feeling in the chest pain in left arm cold sweat nausea,English,controlled_synonym_paraphrase,controlled_synonym_augmentation,pending_review,pending_review,pending_review,Generated from FYP_0052 using approved synonym dictionary; seed=42.
FYP_0052_A02,FYP_0052,Heart Attack,severe tight feeling in the chest pain in left arm cold sweat feeling like vomiting,English,controlled_synonym_paraphrase,controlled_synonym_augmentation,pending_review,pending_review,pending_review,Generated from FYP_0052 using approved synonym dictionary; seed=42.
FYP_0053,FYP_0053,Heart Attack,crushing chest pain jaw pain shortness of breath sweating,English,original_english,fyp_original,pending_review,pending_review,original_unreviewed,
FYP_0053_A01,FYP_0053,Heart Attack,crushing pain in the chest jaw pain shortness of breath sweating,English,controlled_synonym_paraphrase,controlled_synonym_augmentation,pending_review,pending_review,pending_review,Generated from FYP_0053 using approved synonym dictionary; seed=42.
FYP_0053_A02,FYP_0053,Heart Attack,crushing chest discomfort jaw pain difficulty breathing sweating,English,controlled_synonym_paraphrase,controlled_synonym_augmentation,pending_review,pending_review,pending_review,Generated from FYP_0053 using approved synonym dictionary; seed=42.
FYP_0054,FYP_0054,Heart Attack,sudden chest pressure arm pain dizziness sweating nausea,English,original_english,fyp_original,pending_review,pending_review,original_unreviewed,
FYP_0054_A01,FYP_0054,Heart Attack,sudden chest pressure arm pain dizziness sweating feeling sick,English,controlled_synonym_paraphrase,controlled_synonym_augmentation,pending_review,pending_review,pending_review,Generated from FYP_0054 using approved synonym dictionary; seed=42.
FYP_0054_A02,FYP_0054,Heart Attack,sudden chest pressure arm pain lightheadedness sweating feeling sick,English,controlled_synonym_paraphrase,controlled_synonym_augmentation,pending_review,pending_review,pending_review,Generated from FYP_0054 using approved synonym dictionary; seed=42.
FYP_0055,FYP_0055,Heart Attack,chest pain radiation to left arm jaw dizziness cold sweat,English,original_english,fyp_original,pending_review,pending_review,original_unreviewed,
FYP_0055_A01,FYP_0055,Heart Attack,chest discomfort radiation to left arm jaw dizziness cold sweat,English,controlled_synonym_paraphrase,controlled_synonym_augmentation,pending_review,pending_review,pending_review,Generated from FYP_0055 using approved synonym dictionary; seed=42.
FYP_0055_A02,FYP_0055,Heart Attack,pain in the chest radiation to left arm jaw lightheadedness cold sweat,English,controlled_synonym_paraphrase,controlled_synonym_augmentation,pending_review,pending_review,pending_review,Generated from FYP_0055 using approved synonym dictionary; seed=42.
FYP_0056,FYP_0056,Heart Attack,سینے میں شدید درد بائیں بازو میں درد پسینہ سانس پھولنا,Urdu-script,original_urdu_script,fyp_original,pending_review,pending_review,original_unreviewed,
FYP_0057,FYP_0057,Heart Attack,سینے پر دباؤ جبڑے میں درد پسینہ متلی بے ہوشی,Urdu-script,original_urdu_script,fyp_original,pending_review,pending_review,original_unreviewed,
FYP_0058,FYP_0058,Heart Attack,اچانک سینے میں درد بازو میں درد پسینہ سانس لینے میں دشواری,Urdu-script,original_urdu_script,fyp_original,pending_review,pending_review,original_unreviewed,
FYP_0059,FYP_0059,Heart Attack,سینے میں تکلیف بائیں بازو میں درد سردا پسینہ چکر,Urdu-script,original_urdu_script,fyp_original,pending_review,pending_review,original_unreviewed,
FYP_0060,FYP_0060,Heart Attack,سینے کا درد جبڑے میں درد پسینہ متلی,Urdu-script,original_urdu_script,fyp_original,pending_review,pending_review,original_unreviewed,
FYP_0061,FYP_0061,Stroke,sudden numbness one side of face arm weakness slurred speech,English,original_english,fyp_original,pending_review,pending_review,original_unreviewed,
FYP_0061_A01,FYP_0061,Stroke,sudden numbness one side of face arm feeling weak slurred speech,English,controlled_synonym_paraphrase,controlled_synonym_augmentation,pending_review,pending_review,pending_review,Generated from FYP_0061 using approved synonym dictionary; seed=42.
FYP_0061_A02,FYP_0061,Stroke,sudden numbness one side of face arm low energy slurred speech,English,controlled_synonym_paraphrase,controlled_synonym_augmentation,pending_review,pending_review,pending_review,Generated from FYP_0061 using approved synonym dictionary; seed=42.
FYP_0062,FYP_0062,Stroke,sudden confusion severe headache vision loss dizziness,English,original_english,fyp_original,pending_review,pending_review,original_unreviewed,
FYP_0062_A01,FYP_0062,Stroke,sudden confusion severe head pain vision loss dizziness,English,controlled_synonym_paraphrase,controlled_synonym_augmentation,pending_review,pending_review,pending_review,Generated from FYP_0062 using approved synonym dictionary; seed=42.
FYP_0062_A02,FYP_0062,Stroke,sudden confusion severe pain in the head vision loss lightheadedness,English,controlled_synonym_paraphrase,controlled_synonym_augmentation,pending_review,pending_review,pending_review,Generated from FYP_0062 using approved synonym dictionary; seed=42.
FYP_0063,FYP_0063,Stroke,facial drooping arm weakness sudden speech difficulty,English,original_english,fyp_original,pending_review,pending_review,original_unreviewed,
FYP_0063_A01,FYP_0063,Stroke,facial drooping arm lack of strength sudden speech difficulty,English,controlled_synonym_paraphrase,controlled_synonym_augmentation,pending_review,pending_review,pending_review,Generated from FYP_0063 using approved synonym dictionary; seed=42.
FYP_0063_A02,FYP_0063,Stroke,facial drooping arm feeling weak sudden speech difficulty,English,controlled_synonym_paraphrase,controlled_synonym_augmentation,pending_review,pending_review,pending_review,Generated from FYP_0063 using approved synonym dictionary; seed=42.
FYP_0064,FYP_0064,Stroke,sudden severe headache loss of vision one side weakness,English,original_english,fyp_original,pending_review,pending_review,original_unreviewed,
FYP_0064_A01,FYP_0064,Stroke,sudden severe headache loss of vision one side feeling weak,English,controlled_synonym_paraphrase,controlled_synonym_augmentation,pending_review,pending_review,pending_review,Generated from FYP_0064 using approved synonym dictionary; seed=42.
FYP_0064_A02,FYP_0064,Stroke,sudden severe pain in the head loss of vision one side lack of strength,English,controlled_synonym_paraphrase,controlled_synonym_augmentation,pending_review,pending_review,pending_review,Generated from FYP_0064 using approved synonym dictionary; seed=42.
FYP_0065,FYP_0065,Stroke,sudden weakness one side body slurred speech confusion,English,original_english,fyp_original,pending_review,pending_review,original_unreviewed,
FYP_0065_A01,FYP_0065,Stroke,sudden low energy one side body slurred speech confusion,English,controlled_synonym_paraphrase,controlled_synonym_augmentation,pending_review,pending_review,pending_review,Generated from FYP_0065 using approved synonym dictionary; seed=42.
FYP_0065_A02,FYP_0065,Stroke,sudden feeling weak one side body slurred speech confusion,English,controlled_synonym_paraphrase,controlled_synonym_augmentation,pending_review,pending_review,pending_review,Generated from FYP_0065 using approved synonym dictionary; seed=42.
FYP_0066,FYP_0066,Stroke,face drooping arm numbness speech difficulty sudden onset,English,original_english,fyp_original,pending_review,pending_review,original_unreviewed,
FYP_0067,FYP_0067,Stroke,sudden loss of balance vision loss severe headache weakness,English,original_english,fyp_original,pending_review,pending_review,original_unreviewed,
FYP_0067_A01,FYP_0067,Stroke,sudden loss of balance vision loss severe pain in the head weakness,English,controlled_synonym_paraphrase,controlled_synonym_augmentation,pending_review,pending_review,pending_review,Generated from FYP_0067 using approved synonym dictionary; seed=42.
FYP_0067_A02,FYP_0067,Stroke,sudden loss of balance vision loss severe head pain feeling weak,English,controlled_synonym_paraphrase,controlled_synonym_augmentation,pending_review,pending_review,pending_review,Generated from FYP_0067 using approved synonym dictionary; seed=42.
FYP_0068,FYP_0068,Stroke,one sided weakness face drooping slurred speech sudden onset,English,original_english,fyp_original,pending_review,pending_review,original_unreviewed,
FYP_0068_A01,FYP_0068,Stroke,one sided low energy face drooping slurred speech sudden onset,English,controlled_synonym_paraphrase,controlled_synonym_augmentation,pending_review,pending_review,pending_review,Generated from FYP_0068 using approved synonym dictionary; seed=42.
FYP_0068_A02,FYP_0068,Stroke,one sided feeling weak face drooping slurred speech sudden onset,English,controlled_synonym_paraphrase,controlled_synonym_augmentation,pending_review,pending_review,pending_review,Generated from FYP_0068 using approved synonym dictionary; seed=42.
FYP_0069,FYP_0069,Stroke,sudden arm weakness face numbness speech problems,English,original_english,fyp_original,pending_review,pending_review,original_unreviewed,
FYP_0069_A01,FYP_0069,Stroke,sudden arm lack of strength face numbness speech problems,English,controlled_synonym_paraphrase,controlled_synonym_augmentation,pending_review,pending_review,pending_review,Generated from FYP_0069 using approved synonym dictionary; seed=42.
FYP_0069_A02,FYP_0069,Stroke,sudden arm low energy face numbness speech problems,English,controlled_synonym_paraphrase,controlled_synonym_augmentation,pending_review,pending_review,pending_review,Generated from FYP_0069 using approved synonym dictionary; seed=42.
FYP_0070,FYP_0070,Stroke,severe sudden headache vision blurred face numbness weakness,English,original_english,fyp_original,pending_review,pending_review,original_unreviewed,
FYP_0070_A01,FYP_0070,Stroke,severe sudden pain in the head vision blurred face numbness weakness,English,controlled_synonym_paraphrase,controlled_synonym_augmentation,pending_review,pending_review,pending_review,Generated from FYP_0070 using approved synonym dictionary; seed=42.
FYP_0070_A02,FYP_0070,Stroke,severe sudden head pain vision blurred face numbness lack of strength,English,controlled_synonym_paraphrase,controlled_synonym_augmentation,pending_review,pending_review,pending_review,Generated from FYP_0070 using approved synonym dictionary; seed=42.
FYP_0071,FYP_0071,Stroke,اچانک جسم کے ایک طرف کمزوری چہرہ ٹیڑھا ہونا بولنے میں دشواری,Urdu-script,original_urdu_script,fyp_original,pending_review,pending_review,original_unreviewed,
FYP_0072,FYP_0072,Stroke,اچانک شدید سر درد آنکھوں سے کم نظر آنا چکر آنا,Urdu-script,original_urdu_script,fyp_original,pending_review,pending_review,original_unreviewed,
FYP_0073,FYP_0073,Stroke,چہرے کا ایک طرف ڈھلکنا بازو میں کمزوری بولنے میں دشواری,Urdu-script,original_urdu_script,fyp_original,pending_review,pending_review,original_unreviewed,
FYP_0074,FYP_0074,Stroke,اچانک ایک طرف کمزوری بولنے میں مشکل الجھن,Urdu-script,original_urdu_script,fyp_original,pending_review,pending_review,original_unreviewed,
FYP_0075,FYP_0075,Stroke,شدید سر درد آنکھوں سے نہ دکھنا چہرہ ٹیڑھا ہونا,Urdu-script,original_urdu_script,fyp_original,pending_review,pending_review,original_unreviewed,
FYP_0076,FYP_0076,Meningitis,severe headache stiff neck high fever sensitivity to light vomiting,English,original_english,fyp_original,pending_review,pending_review,original_unreviewed,
FYP_0076_A01,FYP_0076,Meningitis,severe headache neck stiffness high fever sensitivity to light vomiting,English,controlled_synonym_paraphrase,controlled_synonym_augmentation,pending_review,pending_review,pending_review,Generated from FYP_0076 using approved synonym dictionary; seed=42.
FYP_0076_A02,FYP_0076,Meningitis,severe headache stiff neck high high temperature sensitivity to light vomiting,English,controlled_synonym_paraphrase,controlled_synonym_augmentation,pending_review,pending_review,pending_review,Generated from FYP_0076 using approved synonym dictionary; seed=42.
FYP_0077,FYP_0077,Meningitis,neck stiffness fever photophobia severe headache nausea,English,original_english,fyp_original,pending_review,pending_review,original_unreviewed,
FYP_0077_A01,FYP_0077,Meningitis,neck stiffness raised temperature photophobia severe headache nausea,English,controlled_synonym_paraphrase,controlled_synonym_augmentation,pending_review,pending_review,pending_review,Generated from FYP_0077 using approved synonym dictionary; seed=42.
FYP_0077_A02,FYP_0077,Meningitis,neck stiffness raised temperature photophobia severe headache feeling sick,English,controlled_synonym_paraphrase,controlled_synonym_augmentation,pending_review,pending_review,pending_review,Generated from FYP_0077 using approved synonym dictionary; seed=42.
FYP_0078,FYP_0078,Meningitis,stiff neck severe headache high fever light sensitivity rash,English,original_english,fyp_original,pending_review,pending_review,original_unreviewed,
FYP_0078_A01,FYP_0078,Meningitis,neck stiffness severe headache high fever light sensitivity rash,English,controlled_synonym_paraphrase,controlled_synonym_augmentation,pending_review,pending_review,pending_review,Generated from FYP_0078 using approved synonym dictionary; seed=42.
FYP_0078_A02,FYP_0078,Meningitis,stiff neck severe head pain high high temperature light sensitivity rash,English,controlled_synonym_paraphrase,controlled_synonym_augmentation,pending_review,pending_review,pending_review,Generated from FYP_0078 using approved synonym dictionary; seed=42.
FYP_0079,FYP_0079,Meningitis,neck rigidity fever headache vomiting confusion light sensitivity,English,original_english,fyp_original,pending_review,pending_review,original_unreviewed,
FYP_0079_A01,FYP_0079,Meningitis,neck rigidity fever pain in the head vomiting confusion light sensitivity,English,controlled_synonym_paraphrase,controlled_synonym_augmentation,pending_review,pending_review,pending_review,Generated from FYP_0079 using approved synonym dictionary; seed=42.
FYP_0079_A02,FYP_0079,Meningitis,neck rigidity fever head pain being sick confusion light sensitivity,English,controlled_synonym_paraphrase,controlled_synonym_augmentation,pending_review,pending_review,pending_review,Generated from FYP_0079 using approved synonym dictionary; seed=42.
FYP_0080,FYP_0080,Meningitis,severe headache neck stiffness fever rash vomiting,English,original_english,fyp_original,pending_review,pending_review,original_unreviewed,
FYP_0080_A01,FYP_0080,Meningitis,severe headache neck stiffness fever rash being sick,English,controlled_synonym_paraphrase,controlled_synonym_augmentation,pending_review,pending_review,pending_review,Generated from FYP_0080 using approved synonym dictionary; seed=42.
FYP_0080_A02,FYP_0080,Meningitis,severe headache neck stiffness high temperature rash throwing up,English,controlled_synonym_paraphrase,controlled_synonym_augmentation,pending_review,pending_review,pending_review,Generated from FYP_0080 using approved synonym dictionary; seed=42.
FYP_0081,FYP_0081,Meningitis,stiff neck high fever severe headache nausea photophobia,English,original_english,fyp_original,pending_review,pending_review,original_unreviewed,
FYP_0081_A01,FYP_0081,Meningitis,stiff neck high high temperature severe headache nausea photophobia,English,controlled_synonym_paraphrase,controlled_synonym_augmentation,pending_review,pending_review,pending_review,Generated from FYP_0081 using approved synonym dictionary; seed=42.
FYP_0081_A02,FYP_0081,Meningitis,stiff neck high raised temperature severe head pain nausea photophobia,English,controlled_synonym_paraphrase,controlled_synonym_augmentation,pending_review,pending_review,pending_review,Generated from FYP_0081 using approved synonym dictionary; seed=42.
FYP_0082,FYP_0082,Meningitis,neck stiffness fever confusion headache sensitivity to light,English,original_english,fyp_original,pending_review,pending_review,original_unreviewed,
FYP_0082_A01,FYP_0082,Meningitis,neck stiffness fever confusion pain in the head sensitivity to light,English,controlled_synonym_paraphrase,controlled_synonym_augmentation,pending_review,pending_review,pending_review,Generated from FYP_0082 using approved synonym dictionary; seed=42.
FYP_0082_A02,FYP_0082,Meningitis,neck stiffness high temperature confusion pain in the head sensitivity to light,English,controlled_synonym_paraphrase,controlled_synonym_augmentation,pending_review,pending_review,pending_review,Generated from FYP_0082 using approved synonym dictionary; seed=42.
FYP_0083,FYP_0083,Meningitis,severe headache neck rigidity fever vomiting light hurts eyes,English,original_english,fyp_original,pending_review,pending_review,original_unreviewed,
FYP_0083_A01,FYP_0083,Meningitis,severe headache neck rigidity high temperature vomiting light hurts eyes,English,controlled_synonym_paraphrase,controlled_synonym_augmentation,pending_review,pending_review,pending_review,Generated from FYP_0083 using approved synonym dictionary; seed=42.
FYP_0083_A02,FYP_0083,Meningitis,severe head pain neck rigidity fever throwing up light hurts eyes,English,controlled_synonym_paraphrase,controlled_synonym_augmentation,pending_review,pending_review,pending_review,Generated from FYP_0083 using approved synonym dictionary; seed=42.
FYP_0084,FYP_0084,Meningitis,stiff painful neck fever headache rash confusion,English,original_english,fyp_original,pending_review,pending_review,original_unreviewed,
FYP_0084_A01,FYP_0084,Meningitis,stiff painful neck fever pain in the head rash confusion,English,controlled_synonym_paraphrase,controlled_synonym_augmentation,pending_review,pending_review,pending_review,Generated from FYP_0084 using approved synonym dictionary; seed=42.
FYP_0084_A02,FYP_0084,Meningitis,stiff painful neck high temperature pain in the head rash confusion,English,controlled_synonym_paraphrase,controlled_synonym_augmentation,pending_review,pending_review,pending_review,Generated from FYP_0084 using approved synonym dictionary; seed=42.
FYP_0085,FYP_0085,Meningitis,neck stiffness high fever headache photophobia vomiting rash,English,original_english,fyp_original,pending_review,pending_review,original_unreviewed,
FYP_0085_A01,FYP_0085,Meningitis,neck stiffness high fever pain in the head photophobia vomiting rash,English,controlled_synonym_paraphrase,controlled_synonym_augmentation,pending_review,pending_review,pending_review,Generated from FYP_0085 using approved synonym dictionary; seed=42.
FYP_0085_A02,FYP_0085,Meningitis,neck stiffness high high temperature head pain photophobia vomiting rash,English,controlled_synonym_paraphrase,controlled_synonym_augmentation,pending_review,pending_review,pending_review,Generated from FYP_0085 using approved synonym dictionary; seed=42.
FYP_0086,FYP_0086,Meningitis,گردن اکڑنا شدید سر درد تیز بخار روشنی سے تکلیف قے,Urdu-script,original_urdu_script,fyp_original,pending_review,pending_review,original_unreviewed,
FYP_0087,FYP_0087,Meningitis,گردن میں سختی بخار روشنی سے تکلیف شدید سر درد,Urdu-script,original_urdu_script,fyp_original,pending_review,pending_review,original_unreviewed,
FYP_0088,FYP_0088,Meningitis,گردن اکڑنا تیز بخار شدید سر درد قے الجھن,Urdu-script,original_urdu_script,fyp_original,pending_review,pending_review,original_unreviewed,
FYP_0089,FYP_0089,Meningitis,گردن میں درد بخار سر درد قے روشنی سے تکلیف,Urdu-script,original_urdu_script,fyp_original,pending_review,pending_review,original_unreviewed,
FYP_0090,FYP_0090,Meningitis,گردن میں اکڑاہٹ تیز بخار شدید سر درد الجھن,Urdu-script,original_urdu_script,fyp_original,pending_review,pending_review,original_unreviewed,
FYP_0091,FYP_0091,Appendicitis,severe pain lower right abdomen nausea vomiting fever,English,original_english,fyp_original,pending_review,pending_review,original_unreviewed,
FYP_0091_A01,FYP_0091,Appendicitis,severe pain lower right abdomen nausea throwing up fever,English,controlled_synonym_paraphrase,controlled_synonym_augmentation,pending_review,pending_review,pending_review,Generated from FYP_0091 using approved synonym dictionary; seed=42.
FYP_0091_A02,FYP_0091,Appendicitis,severe pain lower right abdomen feeling sick being sick fever,English,controlled_synonym_paraphrase,controlled_synonym_augmentation,pending_review,pending_review,pending_review,Generated from FYP_0091 using approved synonym dictionary; seed=42.
FYP_0092,FYP_0092,Appendicitis,sharp pain right side abdomen fever loss of appetite nausea,English,original_english,fyp_original,pending_review,pending_review,original_unreviewed,
FYP_0092_A01,FYP_0092,Appendicitis,sharp pain right side abdomen fever not feeling hungry nausea,English,controlled_synonym_paraphrase,controlled_synonym_augmentation,pending_review,pending_review,pending_review,Generated from FYP_0092 using approved synonym dictionary; seed=42.
FYP_0092_A02,FYP_0092,Appendicitis,sharp pain right side abdomen fever not feeling hungry feeling like vomiting,English,controlled_synonym_paraphrase,controlled_synonym_augmentation,pending_review,pending_review,pending_review,Generated from FYP_0092 using approved synonym dictionary; seed=42.
FYP_0093,FYP_0093,Appendicitis,abdominal pain lower right side vomiting fever tenderness,English,original_english,fyp_original,pending_review,pending_review,original_unreviewed,
FYP_0093_A01,FYP_0093,Appendicitis,pain in the abdomen lower right side vomiting fever tenderness,English,controlled_synonym_paraphrase,controlled_synonym_augmentation,pending_review,pending_review,pending_review,Generated from FYP_0093 using approved synonym dictionary; seed=42.
FYP_0093_A02,FYP_0093,Appendicitis,abdominal pain lower right side being sick raised temperature tenderness,English,controlled_synonym_paraphrase,controlled_synonym_augmentation,pending_review,pending_review,pending_review,Generated from FYP_0093 using approved synonym dictionary; seed=42.
FYP_0094,FYP_0094,Appendicitis,right lower abdominal pain nausea fever cannot eat,English,original_english,fyp_original,pending_review,pending_review,original_unreviewed,
FYP_0094_A01,FYP_0094,Appendicitis,right lower abdominal pain feeling like vomiting fever cannot eat,English,controlled_synonym_paraphrase,controlled_synonym_augmentation,pending_review,pending_review,pending_review,Generated from FYP_0094 using approved synonym dictionary; seed=42.
FYP_0094_A02,FYP_0094,Appendicitis,right lower belly pain nausea raised temperature cannot eat,English,controlled_synonym_paraphrase,controlled_synonym_augmentation,pending_review,pending_review,pending_review,Generated from FYP_0094 using approved synonym dictionary; seed=42.
FYP_0095,FYP_0095,Appendicitis,sudden severe abdominal pain right side fever vomiting,English,original_english,fyp_original,pending_review,pending_review,original_unreviewed,
FYP_0095_A01,FYP_0095,Appendicitis,sudden severe abdominal pain right side raised temperature vomiting,English,controlled_synonym_paraphrase,controlled_synonym_augmentation,pending_review,pending_review,pending_review,Generated from FYP_0095 using approved synonym dictionary; seed=42.
FYP_0095_A02,FYP_0095,Appendicitis,sudden severe belly pain right side high temperature vomiting,English,controlled_synonym_paraphrase,controlled_synonym_augmentation,pending_review,pending_review,pending_review,Generated from FYP_0095 using approved synonym dictionary; seed=42.
FYP_0096,FYP_0096,Appendicitis,pain lower right belly nausea vomiting fever rebound tenderness,English,original_english,fyp_original,pending_review,pending_review,original_unreviewed,
FYP_0096_A01,FYP_0096,Appendicitis,pain lower right belly nausea throwing up fever rebound tenderness,English,controlled_synonym_paraphrase,controlled_synonym_augmentation,pending_review,pending_review,pending_review,Generated from FYP_0096 using approved synonym dictionary; seed=42.
FYP_0096_A02,FYP_0096,Appendicitis,pain lower right belly feeling like being sick vomiting fever rebound tenderness,English,controlled_synonym_paraphrase,controlled_synonym_augmentation,pending_review,pending_review,pending_review,Generated from FYP_0096 using approved synonym dictionary; seed=42.
FYP_0097,FYP_0097,Appendicitis,severe right abdominal pain fever nausea loss of appetite,English,original_english,fyp_original,pending_review,pending_review,original_unreviewed,
FYP_0097_A01,FYP_0097,Appendicitis,severe right abdominal pain fever feeling sick loss of appetite,English,controlled_synonym_paraphrase,controlled_synonym_augmentation,pending_review,pending_review,pending_review,Generated from FYP_0097 using approved synonym dictionary; seed=42.
FYP_0097_A02,FYP_0097,Appendicitis,severe right abdominal pain high temperature feeling sick loss of appetite,English,controlled_synonym_paraphrase,controlled_synonym_augmentation,pending_review,pending_review,pending_review,Generated from FYP_0097 using approved synonym dictionary; seed=42.
FYP_0098,FYP_0098,Appendicitis,sharp lower right pain fever vomiting cannot walk straight,English,original_english,fyp_original,pending_review,pending_review,original_unreviewed,
FYP_0098_A01,FYP_0098,Appendicitis,sharp lower right pain fever throwing up cannot walk straight,English,controlled_synonym_paraphrase,controlled_synonym_augmentation,pending_review,pending_review,pending_review,Generated from FYP_0098 using approved synonym dictionary; seed=42.
FYP_0098_A02,FYP_0098,Appendicitis,sharp lower right pain high temperature being sick cannot walk straight,English,controlled_synonym_paraphrase,controlled_synonym_augmentation,pending_review,pending_review,pending_review,Generated from FYP_0098 using approved synonym dictionary; seed=42.
FYP_0099,FYP_0099,Appendicitis,right sided belly pain fever nausea vomiting,English,original_english,fyp_original,pending_review,pending_review,original_unreviewed,
FYP_0099_A01,FYP_0099,Appendicitis,right sided belly pain fever nausea being sick,English,controlled_synonym_paraphrase,controlled_synonym_augmentation,pending_review,pending_review,pending_review,Generated from FYP_0099 using approved synonym dictionary; seed=42.
FYP_0099_A02,FYP_0099,Appendicitis,right sided belly pain high temperature nausea throwing up,English,controlled_synonym_paraphrase,controlled_synonym_augmentation,pending_review,pending_review,pending_review,Generated from FYP_0099 using approved synonym dictionary; seed=42.
FYP_0100,FYP_0100,Appendicitis,severe abdominal pain right lower quadrant fever nausea vomiting,English,original_english,fyp_original,pending_review,pending_review,original_unreviewed,
FYP_0100_A01,FYP_0100,Appendicitis,severe abdominal pain right lower quadrant fever feeling sick vomiting,English,controlled_synonym_paraphrase,controlled_synonym_augmentation,pending_review,pending_review,pending_review,Generated from FYP_0100 using approved synonym dictionary; seed=42.
FYP_0100_A02,FYP_0100,Appendicitis,severe abdominal pain right lower quadrant fever feeling like vomiting throwing up,English,controlled_synonym_paraphrase,controlled_synonym_augmentation,pending_review,pending_review,pending_review,Generated from FYP_0100 using approved synonym dictionary; seed=42.
FYP_0101,FYP_0101,Appendicitis,پیٹ کے دائیں نیچے شدید درد متلی قے بخار,Urdu-script,original_urdu_script,fyp_original,pending_review,pending_review,original_unreviewed,
FYP_0102,FYP_0102,Appendicitis,پیٹ کے دائیں طرف درد بخار کھانے سے انکار,Urdu-script,original_urdu_script,fyp_original,pending_review,pending_review,original_unreviewed,
FYP_0103,FYP_0103,Appendicitis,اچانک پیٹ میں درد دائیں طرف بخار قے,Urdu-script,original_urdu_script,fyp_original,pending_review,pending_review,original_unreviewed,
FYP_0104,FYP_0104,Appendicitis,پیٹ کے نیچے دائیں درد بخار متلی قے,Urdu-script,original_urdu_script,fyp_original,pending_review,pending_review,original_unreviewed,
FYP_0105,FYP_0105,Appendicitis,شدید پیٹ درد دائیں طرف بخار متلی,Urdu-script,original_urdu_script,fyp_original,pending_review,pending_review,original_unreviewed,
FYP_0106,FYP_0106,Dengue Fever,high fever severe body ache pain behind eyes rash vomiting,English,original_english,fyp_original,pending_review,pending_review,original_unreviewed,
FYP_0106_A01,FYP_0106,Dengue Fever,severe fever severe body ache pain behind eyes rash vomiting,English,controlled_synonym_paraphrase,controlled_synonym_augmentation,pending_review,pending_review,pending_review,Generated from FYP_0106 using approved synonym dictionary; seed=42.
FYP_0106_A02,FYP_0106,Dengue Fever,very high temperature severe aches throughout the body pain behind eyes rash vomiting,English,controlled_synonym_paraphrase,controlled_synonym_augmentation,pending_review,pending_review,pending_review,Generated from FYP_0106 using approved synonym dictionary; seed=42.
FYP_0107,FYP_0107,Dengue Fever,sudden high fever joint pain muscle pain rash weakness,English,original_english,fyp_original,pending_review,pending_review,original_unreviewed,
FYP_0107_A01,FYP_0107,Dengue Fever,sudden high raised temperature joint pain muscle pain rash weakness,English,controlled_synonym_paraphrase,controlled_synonym_augmentation,pending_review,pending_review,pending_review,Generated from FYP_0107 using approved synonym dictionary; seed=42.
FYP_0107_A02,FYP_0107,Dengue Fever,sudden high fever joint pain aching muscles rash lack of strength,English,controlled_synonym_paraphrase,controlled_synonym_augmentation,pending_review,pending_review,pending_review,Generated from FYP_0107 using approved synonym dictionary; seed=42.
FYP_0108,FYP_0108,Dengue Fever,fever severe muscle ache headache rash behind eyes pain,English,original_english,fyp_original,pending_review,pending_review,original_unreviewed,
FYP_0108_A01,FYP_0108,Dengue Fever,raised temperature severe muscle ache headache rash behind eyes pain,English,controlled_synonym_paraphrase,controlled_synonym_augmentation,pending_review,pending_review,pending_review,Generated from FYP_0108 using approved synonym dictionary; seed=42.
FYP_0108_A02,FYP_0108,Dengue Fever,high temperature severe muscle ache pain in the head rash behind eyes pain,English,controlled_synonym_paraphrase,controlled_synonym_augmentation,pending_review,pending_review,pending_review,Generated from FYP_0108 using approved synonym dictionary; seed=42.
FYP_0109,FYP_0109,Dengue Fever,high fever body ache pain eyes rash dengue,English,original_english,fyp_original,pending_review,pending_review,original_unreviewed,
FYP_0109_A01,FYP_0109,Dengue Fever,high fever body pain pain eyes rash dengue,English,controlled_synonym_paraphrase,controlled_synonym_augmentation,pending_review,pending_review,pending_review,Generated from FYP_0109 using approved synonym dictionary; seed=42.
FYP_0109_A02,FYP_0109,Dengue Fever,high high temperature body ache pain eyes rash dengue,English,controlled_synonym_paraphrase,controlled_synonym_augmentation,pending_review,pending_review,pending_review,Generated from FYP_0109 using approved synonym dictionary; seed=42.
FYP_0110,FYP_0110,Dengue Fever,fever joint pain rash weakness vomiting dengue symptoms,English,original_english,fyp_original,pending_review,pending_review,original_unreviewed,
FYP_0110_A01,FYP_0110,Dengue Fever,fever aching joints rash weakness vomiting dengue symptoms,English,controlled_synonym_paraphrase,controlled_synonym_augmentation,pending_review,pending_review,pending_review,Generated from FYP_0110 using approved synonym dictionary; seed=42.
FYP_0110_A02,FYP_0110,Dengue Fever,fever joint pain rash low energy being sick dengue symptoms,English,controlled_synonym_paraphrase,controlled_synonym_augmentation,pending_review,pending_review,pending_review,Generated from FYP_0110 using approved synonym dictionary; seed=42.
FYP_0111,FYP_0111,Dengue Fever,sudden fever severe body pain rash platelets low,English,original_english,fyp_original,pending_review,pending_review,original_unreviewed,
FYP_0111_A01,FYP_0111,Dengue Fever,sudden high temperature severe body pain rash platelets low,English,controlled_synonym_paraphrase,controlled_synonym_augmentation,pending_review,pending_review,pending_review,Generated from FYP_0111 using approved synonym dictionary; seed=42.
FYP_0111_A02,FYP_0111,Dengue Fever,sudden raised temperature severe body pain rash platelets low,English,controlled_synonym_paraphrase,controlled_synonym_augmentation,pending_review,pending_review,pending_review,Generated from FYP_0111 using approved synonym dictionary; seed=42.
FYP_0112,FYP_0112,Dengue Fever,high fever extreme fatigue body ache rash behind eyes pain,English,original_english,fyp_original,pending_review,pending_review,original_unreviewed,
FYP_0112_A01,FYP_0112,Dengue Fever,high fever extreme feeling very tired body ache rash behind eyes pain,English,controlled_synonym_paraphrase,controlled_synonym_augmentation,pending_review,pending_review,pending_review,Generated from FYP_0112 using approved synonym dictionary; seed=42.
FYP_0112_A02,FYP_0112,Dengue Fever,very high temperature extreme feeling very tired body ache rash behind eyes pain,English,controlled_synonym_paraphrase,controlled_synonym_augmentation,pending_review,pending_review,pending_review,Generated from FYP_0112 using approved synonym dictionary; seed=42.
FYP_0113,FYP_0113,Dengue Fever,fever headache muscle pain joint pain rash dengue,English,original_english,fyp_original,pending_review,pending_review,original_unreviewed,
FYP_0113_A01,FYP_0113,Dengue Fever,fever headache muscle aches joint pain rash dengue,English,controlled_synonym_paraphrase,controlled_synonym_augmentation,pending_review,pending_review,pending_review,Generated from FYP_0113 using approved synonym dictionary; seed=42.
FYP_0113_A02,FYP_0113,Dengue Fever,fever pain in the head muscle aches joint pain rash dengue,English,controlled_synonym_paraphrase,controlled_synonym_augmentation,pending_review,pending_review,pending_review,Generated from FYP_0113 using approved synonym dictionary; seed=42.
FYP_0114,FYP_0114,Dengue Fever,high fever pain behind eyes rash joint pain weakness,English,original_english,fyp_original,pending_review,pending_review,original_unreviewed,
FYP_0114_A01,FYP_0114,Dengue Fever,high raised temperature pain behind eyes rash joint pain weakness,English,controlled_synonym_paraphrase,controlled_synonym_augmentation,pending_review,pending_review,pending_review,Generated from FYP_0114 using approved synonym dictionary; seed=42.
FYP_0114_A02,FYP_0114,Dengue Fever,high fever pain behind eyes rash aching joints feeling weak,English,controlled_synonym_paraphrase,controlled_synonym_augmentation,pending_review,pending_review,pending_review,Generated from FYP_0114 using approved synonym dictionary; seed=42.
FYP_0115,FYP_0115,Dengue Fever,sudden fever severe ache rash pain eyes dengue,English,original_english,fyp_original,pending_review,pending_review,original_unreviewed,
FYP_0115_A01,FYP_0115,Dengue Fever,sudden high temperature severe ache rash pain eyes dengue,English,controlled_synonym_paraphrase,controlled_synonym_augmentation,pending_review,pending_review,pending_review,Generated from FYP_0115 using approved synonym dictionary; seed=42.
FYP_0116,FYP_0116,Dengue Fever,تیز بخار جسم میں شدید درد آنکھوں کے پیچھے درد خارش,Urdu-script,original_urdu_script,fyp_original,pending_review,pending_review,original_unreviewed,
FYP_0117,FYP_0117,Dengue Fever,اچانک تیز بخار جوڑوں میں درد جسم میں درد خارش,Urdu-script,original_urdu_script,fyp_original,pending_review,pending_review,original_unreviewed,
FYP_0118,FYP_0118,Dengue Fever,بخار جسم میں درد آنکھوں میں درد کمزوری,Urdu-script,original_urdu_script,fyp_original,pending_review,pending_review,original_unreviewed,
FYP_0119,FYP_0119,Dengue Fever,ڈینگی بخار جسم درد خارش پلیٹلیٹ کم,Urdu-script,original_urdu_script,fyp_original,pending_review,pending_review,original_unreviewed,
FYP_0120,FYP_0120,Dengue Fever,تیز بخار شدید جسم درد خارش آنکھوں کے پیچھے درد,Urdu-script,original_urdu_script,fyp_original,pending_review,pending_review,original_unreviewed,
FYP_0121,FYP_0121,Typhoid,prolonged fever abdominal pain constipation or diarrhea weakness,English,original_english,fyp_original,pending_review,pending_review,original_unreviewed,
FYP_0121_A01,FYP_0121,Typhoid,prolonged fever stomach pain constipation or diarrhea weakness,English,controlled_synonym_paraphrase,controlled_synonym_augmentation,pending_review,pending_review,pending_review,Generated from FYP_0121 using approved synonym dictionary; seed=42.
FYP_0121_A02,FYP_0121,Typhoid,prolonged fever belly pain constipation or frequent loose motions weakness,English,controlled_synonym_paraphrase,controlled_synonym_augmentation,pending_review,pending_review,pending_review,Generated from FYP_0121 using approved synonym dictionary; seed=42.
FYP_0122,FYP_0122,Typhoid,continuous fever stomach pain weakness constipation typhoid,English,original_english,fyp_original,pending_review,pending_review,original_unreviewed,
FYP_0122_A01,FYP_0122,Typhoid,continuous fever abdominal pain weakness constipation typhoid,English,controlled_synonym_paraphrase,controlled_synonym_augmentation,pending_review,pending_review,pending_review,Generated from FYP_0122 using approved synonym dictionary; seed=42.
FYP_0122_A02,FYP_0122,Typhoid,continuous high temperature belly pain weakness constipation typhoid,English,controlled_synonym_paraphrase,controlled_synonym_augmentation,pending_review,pending_review,pending_review,Generated from FYP_0122 using approved synonym dictionary; seed=42.
FYP_0123,FYP_0123,Typhoid,high fever for many days abdominal pain loss of appetite,English,original_english,fyp_original,pending_review,pending_review,original_unreviewed,
FYP_0123_A01,FYP_0123,Typhoid,high high temperature for many days abdominal pain loss of appetite,English,controlled_synonym_paraphrase,controlled_synonym_augmentation,pending_review,pending_review,pending_review,Generated from FYP_0123 using approved synonym dictionary; seed=42.
FYP_0123_A02,FYP_0123,Typhoid,very high temperature for many days stomach pain loss of appetite,English,controlled_synonym_paraphrase,controlled_synonym_augmentation,pending_review,pending_review,pending_review,Generated from FYP_0123 using approved synonym dictionary; seed=42.
FYP_0124,FYP_0124,Typhoid,persistent fever stomach cramps weakness diarrhea constipation,English,original_english,fyp_original,pending_review,pending_review,original_unreviewed,
FYP_0124_A01,FYP_0124,Typhoid,persistent fever stomach cramps weakness frequent loose motions constipation,English,controlled_synonym_paraphrase,controlled_synonym_augmentation,pending_review,pending_review,pending_review,Generated from FYP_0124 using approved synonym dictionary; seed=42.
FYP_0124_A02,FYP_0124,Typhoid,persistent fever stomach cramps low energy loose stools constipation,English,controlled_synonym_paraphrase,controlled_synonym_augmentation,pending_review,pending_review,pending_review,Generated from FYP_0124 using approved synonym dictionary; seed=42.
FYP_0125,FYP_0125,Typhoid,continuous high fever abdominal pain weak appetite constipation,English,original_english,fyp_original,pending_review,pending_review,original_unreviewed,
FYP_0125_A01,FYP_0125,Typhoid,continuous high fever belly pain weak appetite constipation,English,controlled_synonym_paraphrase,controlled_synonym_augmentation,pending_review,pending_review,pending_review,Generated from FYP_0125 using approved synonym dictionary; seed=42.
FYP_0125_A02,FYP_0125,Typhoid,continuous very high temperature abdominal pain weak appetite constipation,English,controlled_synonym_paraphrase,controlled_synonym_augmentation,pending_review,pending_review,pending_review,Generated from FYP_0125 using approved synonym dictionary; seed=42.
FYP_0126,FYP_0126,Typhoid,prolonged fever abdominal cramps constipation weakness typhoid,English,original_english,fyp_original,pending_review,pending_review,original_unreviewed,
FYP_0126_A01,FYP_0126,Typhoid,prolonged high temperature abdominal cramps constipation weakness typhoid,English,controlled_synonym_paraphrase,controlled_synonym_augmentation,pending_review,pending_review,pending_review,Generated from FYP_0126 using approved synonym dictionary; seed=42.
FYP_0126_A02,FYP_0126,Typhoid,prolonged raised temperature abdominal cramps constipation lack of strength typhoid,English,controlled_synonym_paraphrase,controlled_synonym_augmentation,pending_review,pending_review,pending_review,Generated from FYP_0126 using approved synonym dictionary; seed=42.
FYP_0127,FYP_0127,Typhoid,high fever for weeks stomach pain weakness loss of appetite,English,original_english,fyp_original,pending_review,pending_review,original_unreviewed,
FYP_0127_A01,FYP_0127,Typhoid,high high temperature for weeks stomach pain weakness loss of appetite,English,controlled_synonym_paraphrase,controlled_synonym_augmentation,pending_review,pending_review,pending_review,Generated from FYP_0127 using approved synonym dictionary; seed=42.
FYP_0127_A02,FYP_0127,Typhoid,high fever for weeks belly pain lack of strength loss of appetite,English,controlled_synonym_paraphrase,controlled_synonym_augmentation,pending_review,pending_review,pending_review,Generated from FYP_0127 using approved synonym dictionary; seed=42.
FYP_0128,FYP_0128,Typhoid,constant fever abdominal pain diarrhea or constipation weakness,English,original_english,fyp_original,pending_review,pending_review,original_unreviewed,
FYP_0128_A01,FYP_0128,Typhoid,constant fever stomach pain diarrhea or constipation weakness,English,controlled_synonym_paraphrase,controlled_synonym_augmentation,pending_review,pending_review,pending_review,Generated from FYP_0128 using approved synonym dictionary; seed=42.
FYP_0128_A02,FYP_0128,Typhoid,constant raised temperature abdominal pain diarrhea or constipation feeling weak,English,controlled_synonym_paraphrase,controlled_synonym_augmentation,pending_review,pending_review,pending_review,Generated from FYP_0128 using approved synonym dictionary; seed=42.
FYP_0129,FYP_0129,Typhoid,persistent fever stomach pain weakness no appetite,English,original_english,fyp_original,pending_review,pending_review,original_unreviewed,
FYP_0129_A01,FYP_0129,Typhoid,persistent fever pain in the stomach weakness no appetite,English,controlled_synonym_paraphrase,controlled_synonym_augmentation,pending_review,pending_review,pending_review,Generated from FYP_0129 using approved synonym dictionary; seed=42.
FYP_0129_A02,FYP_0129,Typhoid,persistent raised temperature abdominal pain weakness no appetite,English,controlled_synonym_paraphrase,controlled_synonym_augmentation,pending_review,pending_review,pending_review,Generated from FYP_0129 using approved synonym dictionary; seed=42.
FYP_0130,FYP_0130,Typhoid,continuous fever abdominal pain constipation diarrhea,English,original_english,fyp_original,pending_review,pending_review,original_unreviewed,
FYP_0130_A01,FYP_0130,Typhoid,continuous fever pain in the abdomen constipation diarrhea,English,controlled_synonym_paraphrase,controlled_synonym_augmentation,pending_review,pending_review,pending_review,Generated from FYP_0130 using approved synonym dictionary; seed=42.
FYP_0130_A02,FYP_0130,Typhoid,continuous fever belly pain constipation frequent loose motions,English,controlled_synonym_paraphrase,controlled_synonym_augmentation,pending_review,pending_review,pending_review,Generated from FYP_0130 using approved synonym dictionary; seed=42.
FYP_0131,FYP_0131,Typhoid,مسلسل بخار پیٹ میں درد قبض یا اسہال کمزوری,Urdu-script,original_urdu_script,fyp_original,pending_review,pending_review,original_unreviewed,
FYP_0132,FYP_0132,Typhoid,لمبے عرصے تک بخار پیٹ میں درد کمزوری ٹائفائیڈ,Urdu-script,original_urdu_script,fyp_original,pending_review,pending_review,original_unreviewed,
FYP_0133,FYP_0133,Typhoid,مسلسل تیز بخار پیٹ میں تکلیف بھوک نہ لگنا,Urdu-script,original_urdu_script,fyp_original,pending_review,pending_review,original_unreviewed,
FYP_0134,FYP_0134,Typhoid,ہفتوں تک بخار پیٹ درد کمزوری قبض,Urdu-script,original_urdu_script,fyp_original,pending_review,pending_review,original_unreviewed,
FYP_0135,FYP_0135,Typhoid,مسلسل بخار پیٹ درد کمزوری بھوک کم ہونا,Urdu-script,original_urdu_script,fyp_original,pending_review,pending_review,original_unreviewed,
FYP_0136,FYP_0136,Diabetes,excessive thirst frequent urination fatigue blurred vision,English,original_english,fyp_original,pending_review,pending_review,original_unreviewed,
FYP_0136_A01,FYP_0136,Diabetes,excessive thirst needing to urinate frequently fatigue blurred vision,English,controlled_synonym_paraphrase,controlled_synonym_augmentation,pending_review,pending_review,pending_review,Generated from FYP_0136 using approved synonym dictionary; seed=42.
FYP_0136_A02,FYP_0136,Diabetes,excessive thirst frequent urination feeling very tired unclear vision,English,controlled_synonym_paraphrase,controlled_synonym_augmentation,pending_review,pending_review,pending_review,Generated from FYP_0136 using approved synonym dictionary; seed=42.
FYP_0137,FYP_0137,Diabetes,increased urination excessive hunger weight loss fatigue,English,original_english,fyp_original,pending_review,pending_review,original_unreviewed,
FYP_0137_A01,FYP_0137,Diabetes,increased urination excessive hunger weight loss feeling very tired,English,controlled_synonym_paraphrase,controlled_synonym_augmentation,pending_review,pending_review,pending_review,Generated from FYP_0137 using approved synonym dictionary; seed=42.
FYP_0137_A02,FYP_0137,Diabetes,increased urination excessive hunger losing weight without trying tiredness,English,controlled_synonym_paraphrase,controlled_synonym_augmentation,pending_review,pending_review,pending_review,Generated from FYP_0137 using approved synonym dictionary; seed=42.
FYP_0138,FYP_0138,Diabetes,frequent urination polydipsia blurred vision slow healing wounds,English,original_english,fyp_original,pending_review,pending_review,original_unreviewed,
FYP_0138_A01,FYP_0138,Diabetes,needing to urinate frequently polydipsia blurred vision slow healing wounds,English,controlled_synonym_paraphrase,controlled_synonym_augmentation,pending_review,pending_review,pending_review,Generated from FYP_0138 using approved synonym dictionary; seed=42.
FYP_0138_A02,FYP_0138,Diabetes,urinating often polydipsia unclear vision slow healing wounds,English,controlled_synonym_paraphrase,controlled_synonym_augmentation,pending_review,pending_review,pending_review,Generated from FYP_0138 using approved synonym dictionary; seed=42.
FYP_0139,FYP_0139,Diabetes,extreme thirst frequent urination unexplained weight loss fatigue,English,original_english,fyp_original,pending_review,pending_review,original_unreviewed,
FYP_0139_A01,FYP_0139,Diabetes,extreme thirst needing to urinate frequently unexplained weight loss fatigue,English,controlled_synonym_paraphrase,controlled_synonym_augmentation,pending_review,pending_review,pending_review,Generated from FYP_0139 using approved synonym dictionary; seed=42.
FYP_0139_A02,FYP_0139,Diabetes,extreme thirst urinating often unexplained weight loss extreme tiredness,English,controlled_synonym_paraphrase,controlled_synonym_augmentation,pending_review,pending_review,pending_review,Generated from FYP_0139 using approved synonym dictionary; seed=42.
FYP_0140,FYP_0140,Diabetes,frequent urination hunger thirst fatigue blurred vision diabetes,English,original_english,fyp_original,pending_review,pending_review,original_unreviewed,
FYP_0140_A01,FYP_0140,Diabetes,frequent urination hunger thirst fatigue blurry vision diabetes,English,controlled_synonym_paraphrase,controlled_synonym_augmentation,pending_review,pending_review,pending_review,Generated from FYP_0140 using approved synonym dictionary; seed=42.
FYP_0140_A02,FYP_0140,Diabetes,needing to urinate frequently hunger thirst fatigue blurry vision diabetes,English,controlled_synonym_paraphrase,controlled_synonym_augmentation,pending_review,pending_review,pending_review,Generated from FYP_0140 using approved synonym dictionary; seed=42.
FYP_0141,FYP_0141,Diabetes,increased thirst urination fatigue slow wound healing,English,original_english,fyp_original,pending_review,pending_review,original_unreviewed,
FYP_0141_A01,FYP_0141,Diabetes,increased thirst urination extreme tiredness slow wound healing,English,controlled_synonym_paraphrase,controlled_synonym_augmentation,pending_review,pending_review,pending_review,Generated from FYP_0141 using approved synonym dictionary; seed=42.
FYP_0141_A02,FYP_0141,Diabetes,increased thirst urination feeling very tired slow wound healing,English,controlled_synonym_paraphrase,controlled_synonym_augmentation,pending_review,pending_review,pending_review,Generated from FYP_0141 using approved synonym dictionary; seed=42.
FYP_0142,FYP_0142,Diabetes,polydipsia polyuria fatigue blurred vision weight loss,English,original_english,fyp_original,pending_review,pending_review,original_unreviewed,
FYP_0142_A01,FYP_0142,Diabetes,polydipsia polyuria fatigue unclear vision weight loss,English,controlled_synonym_paraphrase,controlled_synonym_augmentation,pending_review,pending_review,pending_review,Generated from FYP_0142 using approved synonym dictionary; seed=42.
FYP_0142_A02,FYP_0142,Diabetes,polydipsia polyuria tiredness blurred vision losing weight without trying,English,controlled_synonym_paraphrase,controlled_synonym_augmentation,pending_review,pending_review,pending_review,Generated from FYP_0142 using approved synonym dictionary; seed=42.
FYP_0143,FYP_0143,Diabetes,excessive thirst urination hunger fatigue cuts not healing,English,original_english,fyp_original,pending_review,pending_review,original_unreviewed,
FYP_0143_A01,FYP_0143,Diabetes,excessive thirst urination hunger feeling very tired cuts not healing,English,controlled_synonym_paraphrase,controlled_synonym_augmentation,pending_review,pending_review,pending_review,Generated from FYP_0143 using approved synonym dictionary; seed=42.
FYP_0143_A02,FYP_0143,Diabetes,excessive thirst urination hunger extreme tiredness cuts not healing,English,controlled_synonym_paraphrase,controlled_synonym_augmentation,pending_review,pending_review,pending_review,Generated from FYP_0143 using approved synonym dictionary; seed=42.
FYP_0144,FYP_0144,Diabetes,increased thirst frequent urination unexplained fatigue blurred vision,English,original_english,fyp_original,pending_review,pending_review,original_unreviewed,
FYP_0144_A01,FYP_0144,Diabetes,increased thirst frequent urination unexplained extreme tiredness blurred vision,English,controlled_synonym_paraphrase,controlled_synonym_augmentation,pending_review,pending_review,pending_review,Generated from FYP_0144 using approved synonym dictionary; seed=42.
FYP_0144_A02,FYP_0144,Diabetes,increased thirst needing to urinate frequently unexplained fatigue unclear vision,English,controlled_synonym_paraphrase,controlled_synonym_augmentation,pending_review,pending_review,pending_review,Generated from FYP_0144 using approved synonym dictionary; seed=42.
FYP_0145,FYP_0145,Diabetes,excessive hunger thirst frequent urination fatigue,English,original_english,fyp_original,pending_review,pending_review,original_unreviewed,
FYP_0145_A01,FYP_0145,Diabetes,excessive hunger thirst needing to urinate frequently fatigue,English,controlled_synonym_paraphrase,controlled_synonym_augmentation,pending_review,pending_review,pending_review,Generated from FYP_0145 using approved synonym dictionary; seed=42.
FYP_0145_A02,FYP_0145,Diabetes,excessive hunger thirst needing to urinate frequently feeling very tired,English,controlled_synonym_paraphrase,controlled_synonym_augmentation,pending_review,pending_review,pending_review,Generated from FYP_0145 using approved synonym dictionary; seed=42.
FYP_0146,FYP_0146,Diabetes,بہت زیادہ پیاس بار بار پیشاب تھکاوٹ آنکھوں کا دھندلانا,Urdu-script,original_urdu_script,fyp_original,pending_review,pending_review,original_unreviewed,
FYP_0147,FYP_0147,Diabetes,پیشاب زیادہ آنا پیاس زیادہ لگنا کمزوری ذیابیطس,Urdu-script,original_urdu_script,fyp_original,pending_review,pending_review,original_unreviewed,
FYP_0148,FYP_0148,Diabetes,بہت پیاس لگنا بار بار پیشاب بھوک زیادہ لگنا تھکاوٹ,Urdu-script,original_urdu_script,fyp_original,pending_review,pending_review,original_unreviewed,
FYP_0149,FYP_0149,Diabetes,ذیابیطس پیاس پیشاب تھکاوٹ زخم ٹھیک نہ ہونا,Urdu-script,original_urdu_script,fyp_original,pending_review,pending_review,original_unreviewed,
FYP_0150,FYP_0150,Diabetes,زیادہ پیاس بار بار پیشاب وزن کم ہونا تھکاوٹ,Urdu-script,original_urdu_script,fyp_original,pending_review,pending_review,original_unreviewed,
FYP_0151,FYP_0151,Asthma,wheezing shortness of breath chest tightness cough at night,English,original_english,fyp_original,pending_review,pending_review,original_unreviewed,
FYP_0151_A01,FYP_0151,Asthma,wheezing difficulty breathing chest tightness cough at night,English,controlled_synonym_paraphrase,controlled_synonym_augmentation,pending_review,pending_review,pending_review,Generated from FYP_0151 using approved synonym dictionary; seed=42.
FYP_0151_A02,FYP_0151,Asthma,wheezing shortness of breath pressure in the chest coughing at night,English,controlled_synonym_paraphrase,controlled_synonym_augmentation,pending_review,pending_review,pending_review,Generated from FYP_0151 using approved synonym dictionary; seed=42.
FYP_0152,FYP_0152,Asthma,difficulty breathing whistling sound chest tightness dry cough,English,original_english,fyp_original,pending_review,pending_review,original_unreviewed,
FYP_0152_A01,FYP_0152,Asthma,difficulty breathing whistling sound tight feeling in the chest dry cough,English,controlled_synonym_paraphrase,controlled_synonym_augmentation,pending_review,pending_review,pending_review,Generated from FYP_0152 using approved synonym dictionary; seed=42.
FYP_0152_A02,FYP_0152,Asthma,difficulty breathing whistling sound pressure in the chest dry coughing,English,controlled_synonym_paraphrase,controlled_synonym_augmentation,pending_review,pending_review,pending_review,Generated from FYP_0152 using approved synonym dictionary; seed=42.
FYP_0153,FYP_0153,Asthma,wheezing breathlessness chest tightness cough cold air triggers,English,original_english,fyp_original,pending_review,pending_review,original_unreviewed,
FYP_0153_A01,FYP_0153,Asthma,wheezing difficulty breathing chest tightness cough cold air triggers,English,controlled_synonym_paraphrase,controlled_synonym_augmentation,pending_review,pending_review,pending_review,Generated from FYP_0153 using approved synonym dictionary; seed=42.
FYP_0153_A02,FYP_0153,Asthma,wheezing difficulty breathing chest tightness coughing cold air triggers,English,controlled_synonym_paraphrase,controlled_synonym_augmentation,pending_review,pending_review,pending_review,Generated from FYP_0153 using approved synonym dictionary; seed=42.
FYP_0154,FYP_0154,Asthma,shortness of breath wheezing chest tightness cough exercise induced,English,original_english,fyp_original,pending_review,pending_review,original_unreviewed,
FYP_0154_A01,FYP_0154,Asthma,shortness of breath wheezing pressure in the chest cough exercise induced,English,controlled_synonym_paraphrase,controlled_synonym_augmentation,pending_review,pending_review,pending_review,Generated from FYP_0154 using approved synonym dictionary; seed=42.
FYP_0154_A02,FYP_0154,Asthma,shortness of breath wheezing pressure in the chest coughing exercise induced,English,controlled_synonym_paraphrase,controlled_synonym_augmentation,pending_review,pending_review,pending_review,Generated from FYP_0154 using approved synonym dictionary; seed=42.
FYP_0155,FYP_0155,Asthma,breathing difficulty wheezing cough chest tightness asthma,English,original_english,fyp_original,pending_review,pending_review,original_unreviewed,
FYP_0155_A01,FYP_0155,Asthma,breathing difficulty wheezing cough tight feeling in the chest asthma,English,controlled_synonym_paraphrase,controlled_synonym_augmentation,pending_review,pending_review,pending_review,Generated from FYP_0155 using approved synonym dictionary; seed=42.
FYP_0155_A02,FYP_0155,Asthma,breathing difficulty wheezing coughing pressure in the chest asthma,English,controlled_synonym_paraphrase,controlled_synonym_augmentation,pending_review,pending_review,pending_review,Generated from FYP_0155 using approved synonym dictionary; seed=42.
FYP_0156,FYP_0156,Asthma,wheezing breathlessness chest tightness at night dry cough,English,original_english,fyp_original,pending_review,pending_review,original_unreviewed,
FYP_0156_A01,FYP_0156,Asthma,wheezing breathlessness pressure in the chest at night dry cough,English,controlled_synonym_paraphrase,controlled_synonym_augmentation,pending_review,pending_review,pending_review,Generated from FYP_0156 using approved synonym dictionary; seed=42.
FYP_0156_A02,FYP_0156,Asthma,wheezing difficulty breathing chest tightness at night dry coughing,English,controlled_synonym_paraphrase,controlled_synonym_augmentation,pending_review,pending_review,pending_review,Generated from FYP_0156 using approved synonym dictionary; seed=42.
FYP_0157,FYP_0157,Asthma,difficulty breathing wheezing chest tightness coughing at night,English,original_english,fyp_original,pending_review,pending_review,original_unreviewed,
FYP_0157_A01,FYP_0157,Asthma,difficulty breathing wheezing tight feeling in the chest coughing at night,English,controlled_synonym_paraphrase,controlled_synonym_augmentation,pending_review,pending_review,pending_review,Generated from FYP_0157 using approved synonym dictionary; seed=42.
FYP_0157_A02,FYP_0157,Asthma,breathlessness wheezing tight feeling in the chest coughing at night,English,controlled_synonym_paraphrase,controlled_synonym_augmentation,pending_review,pending_review,pending_review,Generated from FYP_0157 using approved synonym dictionary; seed=42.
FYP_0158,FYP_0158,Asthma,breathlessness whistling breath chest tight cough asthma,English,original_english,fyp_original,pending_review,pending_review,original_unreviewed,
FYP_0158_A01,FYP_0158,Asthma,breathlessness whistling breath chest tight coughing asthma,English,controlled_synonym_paraphrase,controlled_synonym_augmentation,pending_review,pending_review,pending_review,Generated from FYP_0158 using approved synonym dictionary; seed=42.
FYP_0158_A02,FYP_0158,Asthma,shortness of breath whistling breath chest tight coughing asthma,English,controlled_synonym_paraphrase,controlled_synonym_augmentation,pending_review,pending_review,pending_review,Generated from FYP_0158 using approved synonym dictionary; seed=42.
FYP_0159,FYP_0159,Asthma,shortness of breath chest tightness cough wheezing,English,original_english,fyp_original,pending_review,pending_review,original_unreviewed,
FYP_0159_A01,FYP_0159,Asthma,shortness of breath pressure in the chest cough wheezing,English,controlled_synonym_paraphrase,controlled_synonym_augmentation,pending_review,pending_review,pending_review,Generated from FYP_0159 using approved synonym dictionary; seed=42.
FYP_0159_A02,FYP_0159,Asthma,breathlessness pressure in the chest cough wheezing,English,controlled_synonym_paraphrase,controlled_synonym_augmentation,pending_review,pending_review,pending_review,Generated from FYP_0159 using approved synonym dictionary; seed=42.
FYP_0160,FYP_0160,Asthma,wheezing breathing difficulty chest tightness dry cough,English,original_english,fyp_original,pending_review,pending_review,original_unreviewed,
FYP_0160_A01,FYP_0160,Asthma,wheezing breathing difficulty pressure in the chest dry cough,English,controlled_synonym_paraphrase,controlled_synonym_augmentation,pending_review,pending_review,pending_review,Generated from FYP_0160 using approved synonym dictionary; seed=42.
FYP_0160_A02,FYP_0160,Asthma,wheezing breathing difficulty pressure in the chest dry coughing,English,controlled_synonym_paraphrase,controlled_synonym_augmentation,pending_review,pending_review,pending_review,Generated from FYP_0160 using approved synonym dictionary; seed=42.
FYP_0161,FYP_0161,Asthma,سانس لینے میں دشواری سینے میں جکڑن رات کو کھانسی سانس کی آواز,Urdu-script,original_urdu_script,fyp_original,pending_review,pending_review,original_unreviewed,
FYP_0162,FYP_0162,Asthma,سانس پھولنا سینے میں سکڑن کھانسی دمہ,Urdu-script,original_urdu_script,fyp_original,pending_review,pending_review,original_unreviewed,
FYP_0163,FYP_0163,Asthma,سانس لینے میں تکلیف سینے میں جکڑن کھانسی,Urdu-script,original_urdu_script,fyp_original,pending_review,pending_review,original_unreviewed,
FYP_0164,FYP_0164,Asthma,دمہ سانس پھولنا سینے میں تکلیف رات کو کھانسی,Urdu-script,original_urdu_script,fyp_original,pending_review,pending_review,original_unreviewed,
FYP_0165,FYP_0165,Asthma,سانس میں آواز سینے میں جکڑن سانس لینے میں دشواری کھانسی,Urdu-script,original_urdu_script,fyp_original,pending_review,pending_review,original_unreviewed,
FYP_0166,FYP_0166,Hypertension,severe headache dizziness nausea blurred vision high blood pressure,English,original_english,fyp_original,pending_review,pending_review,original_unreviewed,
FYP_0166_A01,FYP_0166,Hypertension,severe headache lightheadedness nausea blurred vision high blood pressure,English,controlled_synonym_paraphrase,controlled_synonym_augmentation,pending_review,pending_review,pending_review,Generated from FYP_0166 using approved synonym dictionary; seed=42.
FYP_0166_A02,FYP_0166,Hypertension,severe head pain feeling dizzy nausea blurred vision high blood pressure,English,controlled_synonym_paraphrase,controlled_synonym_augmentation,pending_review,pending_review,pending_review,Generated from FYP_0166 using approved synonym dictionary; seed=42.
FYP_0167,FYP_0167,Hypertension,headache back of head dizziness blurred vision hypertension,English,original_english,fyp_original,pending_review,pending_review,original_unreviewed,
FYP_0167_A01,FYP_0167,Hypertension,headache back of head lightheadedness blurred vision hypertension,English,controlled_synonym_paraphrase,controlled_synonym_augmentation,pending_review,pending_review,pending_review,Generated from FYP_0167 using approved synonym dictionary; seed=42.
FYP_0167_A02,FYP_0167,Hypertension,head pain back of head dizziness unclear vision hypertension,English,controlled_synonym_paraphrase,controlled_synonym_augmentation,pending_review,pending_review,pending_review,Generated from FYP_0167 using approved synonym dictionary; seed=42.
FYP_0168,FYP_0168,Hypertension,severe throbbing headache dizziness nausea high BP,English,original_english,fyp_original,pending_review,pending_review,original_unreviewed,
FYP_0168_A01,FYP_0168,Hypertension,severe throbbing headache dizziness feeling like vomiting high BP,English,controlled_synonym_paraphrase,controlled_synonym_augmentation,pending_review,pending_review,pending_review,Generated from FYP_0168 using approved synonym dictionary; seed=42.
FYP_0168_A02,FYP_0168,Hypertension,severe throbbing head pain feeling dizzy nausea high BP,English,controlled_synonym_paraphrase,controlled_synonym_augmentation,pending_review,pending_review,pending_review,Generated from FYP_0168 using approved synonym dictionary; seed=42.
FYP_0169,FYP_0169,Hypertension,headache blurred vision dizziness nausea high blood pressure,English,original_english,fyp_original,pending_review,pending_review,original_unreviewed,
FYP_0169_A01,FYP_0169,Hypertension,headache blurred vision lightheadedness nausea high blood pressure,English,controlled_synonym_paraphrase,controlled_synonym_augmentation,pending_review,pending_review,pending_review,Generated from FYP_0169 using approved synonym dictionary; seed=42.
FYP_0169_A02,FYP_0169,Hypertension,headache blurred vision feeling dizzy feeling like vomiting high blood pressure,English,controlled_synonym_paraphrase,controlled_synonym_augmentation,pending_review,pending_review,pending_review,Generated from FYP_0169 using approved synonym dictionary; seed=42.
FYP_0170,FYP_0170,Hypertension,hypertension headache dizziness shortness of breath,English,original_english,fyp_original,pending_review,pending_review,original_unreviewed,
FYP_0170_A01,FYP_0170,Hypertension,hypertension headache feeling dizzy shortness of breath,English,controlled_synonym_paraphrase,controlled_synonym_augmentation,pending_review,pending_review,pending_review,Generated from FYP_0170 using approved synonym dictionary; seed=42.
FYP_0170_A02,FYP_0170,Hypertension,hypertension pain in the head lightheadedness shortness of breath,English,controlled_synonym_paraphrase,controlled_synonym_augmentation,pending_review,pending_review,pending_review,Generated from FYP_0170 using approved synonym dictionary; seed=42.
FYP_0171,FYP_0171,Hypertension,high blood pressure headache dizziness blurred vision nausea,English,original_english,fyp_original,pending_review,pending_review,original_unreviewed,
FYP_0171_A01,FYP_0171,Hypertension,high blood pressure headache dizziness blurred vision feeling like vomiting,English,controlled_synonym_paraphrase,controlled_synonym_augmentation,pending_review,pending_review,pending_review,Generated from FYP_0171 using approved synonym dictionary; seed=42.
FYP_0171_A02,FYP_0171,Hypertension,high blood pressure headache feeling dizzy unclear vision nausea,English,controlled_synonym_paraphrase,controlled_synonym_augmentation,pending_review,pending_review,pending_review,Generated from FYP_0171 using approved synonym dictionary; seed=42.
FYP_0172,FYP_0172,Hypertension,throbbing headache dizziness blurred vision hypertension,English,original_english,fyp_original,pending_review,pending_review,original_unreviewed,
FYP_0172_A01,FYP_0172,Hypertension,throbbing headache lightheadedness blurred vision hypertension,English,controlled_synonym_paraphrase,controlled_synonym_augmentation,pending_review,pending_review,pending_review,Generated from FYP_0172 using approved synonym dictionary; seed=42.
FYP_0172_A02,FYP_0172,Hypertension,throbbing headache feeling dizzy unclear vision hypertension,English,controlled_synonym_paraphrase,controlled_synonym_augmentation,pending_review,pending_review,pending_review,Generated from FYP_0172 using approved synonym dictionary; seed=42.
FYP_0173,FYP_0173,Hypertension,headache neck pain dizziness blurred vision high BP,English,original_english,fyp_original,pending_review,pending_review,original_unreviewed,
FYP_0173_A01,FYP_0173,Hypertension,headache neck pain feeling dizzy blurred vision high BP,English,controlled_synonym_paraphrase,controlled_synonym_augmentation,pending_review,pending_review,pending_review,Generated from FYP_0173 using approved synonym dictionary; seed=42.
FYP_0173_A02,FYP_0173,Hypertension,headache neck pain feeling dizzy blurry vision high BP,English,controlled_synonym_paraphrase,controlled_synonym_augmentation,pending_review,pending_review,pending_review,Generated from FYP_0173 using approved synonym dictionary; seed=42.
FYP_0174,FYP_0174,Hypertension,severe headache dizziness hypertension nausea blurred vision,English,original_english,fyp_original,pending_review,pending_review,original_unreviewed,
FYP_0174_A01,FYP_0174,Hypertension,severe headache dizziness hypertension nausea unclear vision,English,controlled_synonym_paraphrase,controlled_synonym_augmentation,pending_review,pending_review,pending_review,Generated from FYP_0174 using approved synonym dictionary; seed=42.
FYP_0174_A02,FYP_0174,Hypertension,severe headache dizziness hypertension feeling sick unclear vision,English,controlled_synonym_paraphrase,controlled_synonym_augmentation,pending_review,pending_review,pending_review,Generated from FYP_0174 using approved synonym dictionary; seed=42.
FYP_0175,FYP_0175,Hypertension,blood pressure high headache dizziness blurred vision,English,original_english,fyp_original,pending_review,pending_review,original_unreviewed,
FYP_0175_A01,FYP_0175,Hypertension,blood pressure high headache dizziness unclear vision,English,controlled_synonym_paraphrase,controlled_synonym_augmentation,pending_review,pending_review,pending_review,Generated from FYP_0175 using approved synonym dictionary; seed=42.
FYP_0175_A02,FYP_0175,Hypertension,blood pressure high head pain dizziness blurry vision,English,controlled_synonym_paraphrase,controlled_synonym_augmentation,pending_review,pending_review,pending_review,Generated from FYP_0175 using approved synonym dictionary; seed=42.
FYP_0176,FYP_0176,Hypertension,شدید سر درد چکر آنا متلی آنکھوں کا دھندلانا ہائی بلڈ پریشر,Urdu-script,original_urdu_script,fyp_original,pending_review,pending_review,original_unreviewed,
FYP_0177,FYP_0177,Hypertension,سر درد چکر ہائی بلڈ پریشر دھندلا نظر آنا,Urdu-script,original_urdu_script,fyp_original,pending_review,pending_review,original_unreviewed,
FYP_0178,FYP_0178,Hypertension,تیز سر درد چکر آنا متلی بلڈ پریشر زیادہ,Urdu-script,original_urdu_script,fyp_original,pending_review,pending_review,original_unreviewed,
FYP_0179,FYP_0179,Hypertension,سر درد دھندلا نظر آنا چکر آنا بلڈ پریشر,Urdu-script,original_urdu_script,fyp_original,pending_review,pending_review,original_unreviewed,
FYP_0180,FYP_0180,Hypertension,ہائی بی پی سر درد چکر دھندلا نظر آنا متلی,Urdu-script,original_urdu_script,fyp_original,pending_review,pending_review,original_unreviewed,
FYP_0181,FYP_0181,Migraine,severe one-sided headache nausea vomiting light sensitivity,English,original_english,fyp_original,pending_review,pending_review,original_unreviewed,
FYP_0181_A01,FYP_0181,Migraine,severe one-sided pain in the head nausea vomiting light sensitivity,English,controlled_synonym_paraphrase,controlled_synonym_augmentation,pending_review,pending_review,pending_review,Generated from FYP_0181 using approved synonym dictionary; seed=42.
FYP_0181_A02,FYP_0181,Migraine,severe one-sided head pain feeling like vomiting vomiting light sensitivity,English,controlled_synonym_paraphrase,controlled_synonym_augmentation,pending_review,pending_review,pending_review,Generated from FYP_0181 using approved synonym dictionary; seed=42.
FYP_0182,FYP_0182,Migraine,throbbing headache one side nausea vomiting photophobia,English,original_english,fyp_original,pending_review,pending_review,original_unreviewed,
FYP_0182_A01,FYP_0182,Migraine,throbbing headache one side feeling like vomiting vomiting photophobia,English,controlled_synonym_paraphrase,controlled_synonym_augmentation,pending_review,pending_review,pending_review,Generated from FYP_0182 using approved synonym dictionary; seed=42.
FYP_0182_A02,FYP_0182,Migraine,throbbing head pain one side feeling like vomiting vomiting photophobia,English,controlled_synonym_paraphrase,controlled_synonym_augmentation,pending_review,pending_review,pending_review,Generated from FYP_0182 using approved synonym dictionary; seed=42.
FYP_0183,FYP_0183,Migraine,pulsating headache nausea light sensitivity vomiting migraine,English,original_english,fyp_original,pending_review,pending_review,original_unreviewed,
FYP_0183_A01,FYP_0183,Migraine,pulsating pain in the head nausea light sensitivity vomiting migraine,English,controlled_synonym_paraphrase,controlled_synonym_augmentation,pending_review,pending_review,pending_review,Generated from FYP_0183 using approved synonym dictionary; seed=42.
FYP_0183_A02,FYP_0183,Migraine,pulsating headache feeling like vomiting light sensitivity being sick migraine,English,controlled_synonym_paraphrase,controlled_synonym_augmentation,pending_review,pending_review,pending_review,Generated from FYP_0183 using approved synonym dictionary; seed=42.
FYP_0184,FYP_0184,Migraine,severe headache one side vomiting light hurts noise sensitivity,English,original_english,fyp_original,pending_review,pending_review,original_unreviewed,
FYP_0184_A01,FYP_0184,Migraine,severe head pain one side vomiting light hurts noise sensitivity,English,controlled_synonym_paraphrase,controlled_synonym_augmentation,pending_review,pending_review,pending_review,Generated from FYP_0184 using approved synonym dictionary; seed=42.
FYP_0184_A02,FYP_0184,Migraine,severe head pain one side being sick light hurts noise sensitivity,English,controlled_synonym_paraphrase,controlled_synonym_augmentation,pending_review,pending_review,pending_review,Generated from FYP_0184 using approved synonym dictionary; seed=42.
FYP_0185,FYP_0185,Migraine,one sided severe headache nausea photophobia aura migraine,English,original_english,fyp_original,pending_review,pending_review,original_unreviewed,
FYP_0185_A01,FYP_0185,Migraine,one sided severe pain in the head nausea photophobia aura migraine,English,controlled_synonym_paraphrase,controlled_synonym_augmentation,pending_review,pending_review,pending_review,Generated from FYP_0185 using approved synonym dictionary; seed=42.
FYP_0185_A02,FYP_0185,Migraine,one sided severe head pain feeling sick photophobia aura migraine,English,controlled_synonym_paraphrase,controlled_synonym_augmentation,pending_review,pending_review,pending_review,Generated from FYP_0185 using approved synonym dictionary; seed=42.
FYP_0186,FYP_0186,Migraine,throbbing one sided headache nausea vomiting sensitivity light,English,original_english,fyp_original,pending_review,pending_review,original_unreviewed,
FYP_0186_A01,FYP_0186,Migraine,throbbing one sided headache nausea throwing up sensitivity light,English,controlled_synonym_paraphrase,controlled_synonym_augmentation,pending_review,pending_review,pending_review,Generated from FYP_0186 using approved synonym dictionary; seed=42.
FYP_0186_A02,FYP_0186,Migraine,throbbing one sided head pain feeling like vomiting vomiting sensitivity light,English,controlled_synonym_paraphrase,controlled_synonym_augmentation,pending_review,pending_review,pending_review,Generated from FYP_0186 using approved synonym dictionary; seed=42.
FYP_0187,FYP_0187,Migraine,severe headache nausea vomiting light sensitivity noise sensitivity,English,original_english,fyp_original,pending_review,pending_review,original_unreviewed,
FYP_0187_A01,FYP_0187,Migraine,severe headache nausea being sick light sensitivity noise sensitivity,English,controlled_synonym_paraphrase,controlled_synonym_augmentation,pending_review,pending_review,pending_review,Generated from FYP_0187 using approved synonym dictionary; seed=42.
FYP_0187_A02,FYP_0187,Migraine,severe headache feeling like vomiting being sick light sensitivity noise sensitivity,English,controlled_synonym_paraphrase,controlled_synonym_augmentation,pending_review,pending_review,pending_review,Generated from FYP_0187 using approved synonym dictionary; seed=42.
FYP_0188,FYP_0188,Migraine,pulsating one sided headache nausea vomiting photophobia,English,original_english,fyp_original,pending_review,pending_review,original_unreviewed,
FYP_0188_A01,FYP_0188,Migraine,pulsating one sided pain in the head nausea vomiting photophobia,English,controlled_synonym_paraphrase,controlled_synonym_augmentation,pending_review,pending_review,pending_review,Generated from FYP_0188 using approved synonym dictionary; seed=42.
FYP_0188_A02,FYP_0188,Migraine,pulsating one sided head pain feeling like vomiting vomiting photophobia,English,controlled_synonym_paraphrase,controlled_synonym_augmentation,pending_review,pending_review,pending_review,Generated from FYP_0188 using approved synonym dictionary; seed=42.
FYP_0189,FYP_0189,Migraine,migraine throbbing headache nausea light sensitivity vomiting,English,original_english,fyp_original,pending_review,pending_review,original_unreviewed,
FYP_0189_A01,FYP_0189,Migraine,migraine throbbing headache nausea light sensitivity being sick,English,controlled_synonym_paraphrase,controlled_synonym_augmentation,pending_review,pending_review,pending_review,Generated from FYP_0189 using approved synonym dictionary; seed=42.
FYP_0189_A02,FYP_0189,Migraine,migraine throbbing headache feeling like vomiting light sensitivity throwing up,English,controlled_synonym_paraphrase,controlled_synonym_augmentation,pending_review,pending_review,pending_review,Generated from FYP_0189 using approved synonym dictionary; seed=42.
FYP_0190,FYP_0190,Migraine,severe one side head pain nausea light sensitivity vomiting,English,original_english,fyp_original,pending_review,pending_review,original_unreviewed,
FYP_0190_A01,FYP_0190,Migraine,severe one side head pain nausea light sensitivity being sick,English,controlled_synonym_paraphrase,controlled_synonym_augmentation,pending_review,pending_review,pending_review,Generated from FYP_0190 using approved synonym dictionary; seed=42.
FYP_0190_A02,FYP_0190,Migraine,severe one side head pain feeling like vomiting light sensitivity throwing up,English,controlled_synonym_paraphrase,controlled_synonym_augmentation,pending_review,pending_review,pending_review,Generated from FYP_0190 using approved synonym dictionary; seed=42.
FYP_0191,FYP_0191,Migraine,ایک طرف شدید سر درد متلی قے روشنی سے تکلیف,Urdu-script,original_urdu_script,fyp_original,pending_review,pending_review,original_unreviewed,
FYP_0192,FYP_0192,Migraine,دھڑکتا سر درد ایک طرف متلی قے روشنی سے تکلیف,Urdu-script,original_urdu_script,fyp_original,pending_review,pending_review,original_unreviewed,
FYP_0193,FYP_0193,Migraine,شدید سر درد ایک طرف متلی قے روشنی کا برداشت نہ ہونا,Urdu-script,original_urdu_script,fyp_original,pending_review,pending_review,original_unreviewed,
FYP_0194,FYP_0194,Migraine,سر میں ایک طرف درد متلی قے روشنی اور آواز سے تکلیف,Urdu-script,original_urdu_script,fyp_original,pending_review,pending_review,original_unreviewed,
FYP_0195,FYP_0195,Migraine,مائیگرین سر درد متلی قے روشنی سے تکلیف,Urdu-script,original_urdu_script,fyp_original,pending_review,pending_review,original_unreviewed,
FYP_0196,FYP_0196,Skin Allergy,itchy skin rash redness hives contact allergy,English,original_english,fyp_original,pending_review,pending_review,original_unreviewed,
FYP_0196_A01,FYP_0196,Skin Allergy,skin that feels itchy rash redness hives contact allergy,English,controlled_synonym_paraphrase,controlled_synonym_augmentation,pending_review,pending_review,pending_review,Generated from FYP_0196 using approved synonym dictionary; seed=42.
FYP_0196_A02,FYP_0196,Skin Allergy,itchy red skin rash redness hives contact allergy,English,controlled_synonym_paraphrase,controlled_synonym_augmentation,pending_review,pending_review,pending_review,Generated from FYP_0196 using approved synonym dictionary; seed=42.
FYP_0197,FYP_0197,Skin Allergy,skin rash itching redness swelling allergic reaction,English,original_english,fyp_original,pending_review,pending_review,original_unreviewed,
FYP_0197_A01,FYP_0197,Skin Allergy,red skin rash itching redness swelling allergic reaction,English,controlled_synonym_paraphrase,controlled_synonym_augmentation,pending_review,pending_review,pending_review,Generated from FYP_0197 using approved synonym dictionary; seed=42.
FYP_0198,FYP_0198,Skin Allergy,itchy red patches skin rash allergy hives,English,original_english,fyp_original,pending_review,pending_review,original_unreviewed,
FYP_0198_A01,FYP_0198,Skin Allergy,itchy red patches red skin rash allergy hives,English,controlled_synonym_paraphrase,controlled_synonym_augmentation,pending_review,pending_review,pending_review,Generated from FYP_0198 using approved synonym dictionary; seed=42.
FYP_0199,FYP_0199,Skin Allergy,skin itching redness rash hives allergic contact,English,original_english,fyp_original,pending_review,pending_review,original_unreviewed,
FYP_0200,FYP_0200,Skin Allergy,rash red skin itchy hives allergy,English,original_english,fyp_original,pending_review,pending_review,original_unreviewed,
FYP_0201,FYP_0201,Skin Allergy,itching skin redness patches rash allergic,English,original_english,fyp_original,pending_review,pending_review,original_unreviewed,
FYP_0202,FYP_0202,Skin Allergy,skin allergy itchy rash hives redness,English,original_english,fyp_original,pending_review,pending_review,original_unreviewed,
FYP_0203,FYP_0203,Skin Allergy,red itchy skin rash allergic reaction hives,English,original_english,fyp_original,pending_review,pending_review,original_unreviewed,
FYP_0203_A01,FYP_0203,Skin Allergy,red itching skin rash allergic reaction hives,English,controlled_synonym_paraphrase,controlled_synonym_augmentation,pending_review,pending_review,pending_review,Generated from FYP_0203 using approved synonym dictionary; seed=42.
FYP_0203_A02,FYP_0203,Skin Allergy,red itchy red skin rash allergic reaction hives,English,controlled_synonym_paraphrase,controlled_synonym_augmentation,pending_review,pending_review,pending_review,Generated from FYP_0203 using approved synonym dictionary; seed=42.
FYP_0204,FYP_0204,Skin Allergy,skin itching redness rash allergy contact dermatitis,English,original_english,fyp_original,pending_review,pending_review,original_unreviewed,
FYP_0205,FYP_0205,Skin Allergy,itchy rash hives redness skin allergy,English,original_english,fyp_original,pending_review,pending_review,original_unreviewed,
FYP_0206,FYP_0206,Skin Allergy,کھجلی خارش جلد پر سرخ دھبے الرجی,Urdu-script,original_urdu_script,fyp_original,pending_review,pending_review,original_unreviewed,
FYP_0207,FYP_0207,Skin Allergy,جلد پر خارش سرخی خارش الرجک رد عمل,Urdu-script,original_urdu_script,fyp_original,pending_review,pending_review,original_unreviewed,
FYP_0208,FYP_0208,Skin Allergy,خارش والی جلد سرخ دھبے الرجی چھالے,Urdu-script,original_urdu_script,fyp_original,pending_review,pending_review,original_unreviewed,
FYP_0209,FYP_0209,Skin Allergy,جلد کی الرجی کھجلی خارش سرخی سوجن,Urdu-script,original_urdu_script,fyp_original,pending_review,pending_review,original_unreviewed,
FYP_0210,FYP_0210,Skin Allergy,کھجلی جلد پر دھبے سرخی الرجی,Urdu-script,original_urdu_script,fyp_original,pending_review,pending_review,original_unreviewed,
FYP_0211,FYP_0211,Food Poisoning,vomiting diarrhea nausea stomach cramps after eating,English,original_english,fyp_original,pending_review,pending_review,original_unreviewed,
FYP_0211_A01,FYP_0211,Food Poisoning,vomiting diarrhea feeling like vomiting stomach cramps after eating,English,controlled_synonym_paraphrase,controlled_synonym_augmentation,pending_review,pending_review,pending_review,Generated from FYP_0211 using approved synonym dictionary; seed=42.
FYP_0211_A02,FYP_0211,Food Poisoning,being sick frequent loose motions nausea stomach cramps after eating,English,controlled_synonym_paraphrase,controlled_synonym_augmentation,pending_review,pending_review,pending_review,Generated from FYP_0211 using approved synonym dictionary; seed=42.
FYP_0212,FYP_0212,Food Poisoning,nausea vomiting diarrhea stomach pain after bad food,English,original_english,fyp_original,pending_review,pending_review,original_unreviewed,
FYP_0212_A01,FYP_0212,Food Poisoning,nausea vomiting loose stools stomach pain after bad food,English,controlled_synonym_paraphrase,controlled_synonym_augmentation,pending_review,pending_review,pending_review,Generated from FYP_0212 using approved synonym dictionary; seed=42.
FYP_0212_A02,FYP_0212,Food Poisoning,feeling sick being sick diarrhea stomach pain after bad food,English,controlled_synonym_paraphrase,controlled_synonym_augmentation,pending_review,pending_review,pending_review,Generated from FYP_0212 using approved synonym dictionary; seed=42.
FYP_0213,FYP_0213,Typhoid,stomach pain diarrhea vomiting nausea food contamination,English,original_english,fyp_original,pending_review,pending_review,original_unreviewed,
FYP_0213_A01,FYP_0213,Typhoid,stomach pain diarrhea being sick nausea food contamination,English,controlled_synonym_paraphrase,controlled_synonym_augmentation,pending_review,pending_review,pending_review,Generated from FYP_0213 using approved synonym dictionary; seed=42.
FYP_0213_A02,FYP_0213,Typhoid,stomach pain frequent loose motions vomiting feeling like vomiting food contamination,English,controlled_synonym_paraphrase,controlled_synonym_augmentation,pending_review,pending_review,pending_review,Generated from FYP_0213 using approved synonym dictionary; seed=42.
FYP_0214,FYP_0214,Food Poisoning,vomiting nausea abdominal cramps diarrhea food poisoning,English,original_english,fyp_original,pending_review,pending_review,original_unreviewed,
FYP_0214_A01,FYP_0214,Food Poisoning,throwing up nausea abdominal cramps diarrhea food poisoning,English,controlled_synonym_paraphrase,controlled_synonym_augmentation,pending_review,pending_review,pending_review,Generated from FYP_0214 using approved synonym dictionary; seed=42.
FYP_0214_A02,FYP_0214,Food Poisoning,being sick feeling like vomiting abdominal cramps diarrhea food poisoning,English,controlled_synonym_paraphrase,controlled_synonym_augmentation,pending_review,pending_review,pending_review,Generated from FYP_0214 using approved synonym dictionary; seed=42.
FYP_0215,FYP_0215,Food Poisoning,stomach cramps vomiting diarrhea nausea after eating,English,original_english,fyp_original,pending_review,pending_review,original_unreviewed,
FYP_0215_A01,FYP_0215,Food Poisoning,stomach cramps vomiting loose stools nausea after eating,English,controlled_synonym_paraphrase,controlled_synonym_augmentation,pending_review,pending_review,pending_review,Generated from FYP_0215 using approved synonym dictionary; seed=42.
FYP_0215_A02,FYP_0215,Food Poisoning,stomach cramps vomiting loose stools feeling sick after eating,English,controlled_synonym_paraphrase,controlled_synonym_augmentation,pending_review,pending_review,pending_review,Generated from FYP_0215 using approved synonym dictionary; seed=42.
FYP_0216,FYP_0216,Food Poisoning,nausea vomiting diarrhea stomach cramps food poisoning,English,original_english,fyp_original,pending_review,pending_review,original_unreviewed,
FYP_0216_A01,FYP_0216,Food Poisoning,feeling sick vomiting diarrhea stomach cramps food poisoning,English,controlled_synonym_paraphrase,controlled_synonym_augmentation,pending_review,pending_review,pending_review,Generated from FYP_0216 using approved synonym dictionary; seed=42.
FYP_0216_A02,FYP_0216,Food Poisoning,feeling like throwing up vomiting diarrhea stomach cramps food poisoning,English,controlled_synonym_paraphrase,controlled_synonym_augmentation,pending_review,pending_review,pending_review,Generated from FYP_0216 using approved synonym dictionary; seed=42.
FYP_0217,FYP_0217,Food Poisoning,vomiting diarrhea nausea stomach pain contaminated food,English,original_english,fyp_original,pending_review,pending_review,original_unreviewed,
FYP_0217_A01,FYP_0217,Food Poisoning,vomiting frequent loose motions nausea stomach pain contaminated food,English,controlled_synonym_paraphrase,controlled_synonym_augmentation,pending_review,pending_review,pending_review,Generated from FYP_0217 using approved synonym dictionary; seed=42.
FYP_0217_A02,FYP_0217,Food Poisoning,vomiting diarrhea feeling sick abdominal pain contaminated food,English,controlled_synonym_paraphrase,controlled_synonym_augmentation,pending_review,pending_review,pending_review,Generated from FYP_0217 using approved synonym dictionary; seed=42.
FYP_0218,FYP_0218,Food Poisoning,abdominal pain vomiting diarrhea nausea food poisoning,English,original_english,fyp_original,pending_review,pending_review,original_unreviewed,
FYP_0218_A01,FYP_0218,Food Poisoning,abdominal pain throwing up diarrhea nausea food poisoning,English,controlled_synonym_paraphrase,controlled_synonym_augmentation,pending_review,pending_review,pending_review,Generated from FYP_0218 using approved synonym dictionary; seed=42.
FYP_0218_A02,FYP_0218,Food Poisoning,abdominal pain vomiting loose stools feeling like vomiting food poisoning,English,controlled_synonym_paraphrase,controlled_synonym_augmentation,pending_review,pending_review,pending_review,Generated from FYP_0218 using approved synonym dictionary; seed=42.
FYP_0219,FYP_0219,Food Poisoning,stomach cramps nausea vomiting diarrhea after eating,English,original_english,fyp_original,pending_review,pending_review,original_unreviewed,
FYP_0219_A01,FYP_0219,Food Poisoning,stomach cramps nausea vomiting loose stools after eating,English,controlled_synonym_paraphrase,controlled_synonym_augmentation,pending_review,pending_review,pending_review,Generated from FYP_0219 using approved synonym dictionary; seed=42.
FYP_0219_A02,FYP_0219,Food Poisoning,stomach cramps feeling like vomiting being sick diarrhea after eating,English,controlled_synonym_paraphrase,controlled_synonym_augmentation,pending_review,pending_review,pending_review,Generated from FYP_0219 using approved synonym dictionary; seed=42.
FYP_0220,FYP_0220,Food Poisoning,food poisoning vomiting diarrhea nausea stomach cramps,English,original_english,fyp_original,pending_review,pending_review,original_unreviewed,
FYP_0220_A01,FYP_0220,Food Poisoning,food poisoning vomiting frequent loose motions nausea stomach cramps,English,controlled_synonym_paraphrase,controlled_synonym_augmentation,pending_review,pending_review,pending_review,Generated from FYP_0220 using approved synonym dictionary; seed=42.
FYP_0220_A02,FYP_0220,Food Poisoning,food poisoning being sick diarrhea feeling sick stomach cramps,English,controlled_synonym_paraphrase,controlled_synonym_augmentation,pending_review,pending_review,pending_review,Generated from FYP_0220 using approved synonym dictionary; seed=42.
FYP_0221,FYP_0221,Food Poisoning,قے اسہال متلی پیٹ میں درد کھانے کے بعد,Urdu-script,original_urdu_script,fyp_original,pending_review,pending_review,original_unreviewed,
FYP_0222,FYP_0222,Food Poisoning,متلی قے اسہال پیٹ درد خراب کھانا,Urdu-script,original_urdu_script,fyp_original,pending_review,pending_review,original_unreviewed,
FYP_0223,FYP_0223,Food Poisoning,پیٹ میں درد قے اسہال متلی فوڈ پوائزننگ,Urdu-script,original_urdu_script,fyp_original,pending_review,pending_review,original_unreviewed,
FYP_0224,FYP_0224,Food Poisoning,پیٹ میں مروڑ قے اسہال متلی کھانا کھانے کے بعد,Urdu-script,original_urdu_script,fyp_original,pending_review,pending_review,original_unreviewed,
FYP_0225,FYP_0225,Food Poisoning,فوڈ پوائزننگ قے اسہال پیٹ درد متلی,Urdu-script,original_urdu_script,fyp_original,pending_review,pending_review,original_unreviewed,
FYP_0226,FYP_0226,UTI,burning urination frequent urination lower abdominal pain cloudy urine,English,original_english,fyp_original,pending_review,pending_review,original_unreviewed,
FYP_0226_A01,FYP_0226,UTI,burning urination needing to urinate frequently lower abdominal pain cloudy urine,English,controlled_synonym_paraphrase,controlled_synonym_augmentation,pending_review,pending_review,pending_review,Generated from FYP_0226 using approved synonym dictionary; seed=42.
FYP_0226_A02,FYP_0226,UTI,painful urination needing to urinate frequently lower abdominal pain cloudy urine,English,controlled_synonym_paraphrase,controlled_synonym_augmentation,pending_review,pending_review,pending_review,Generated from FYP_0226 using approved synonym dictionary; seed=42.
FYP_0227,FYP_0227,UTI,painful urination frequent urge to urinate lower back pain cloudy urine,English,original_english,fyp_original,pending_review,pending_review,original_unreviewed,
FYP_0228,FYP_0228,UTI,burning sensation urination frequent urination abdominal pain,English,original_english,fyp_original,pending_review,pending_review,original_unreviewed,
FYP_0228_A01,FYP_0228,UTI,burning sensation urination frequent urination belly pain,English,controlled_synonym_paraphrase,controlled_synonym_augmentation,pending_review,pending_review,pending_review,Generated from FYP_0228 using approved synonym dictionary; seed=42.
FYP_0228_A02,FYP_0228,UTI,burning sensation urination urinating often stomach pain,English,controlled_synonym_paraphrase,controlled_synonym_augmentation,pending_review,pending_review,pending_review,Generated from FYP_0228 using approved synonym dictionary; seed=42.
FYP_0229,FYP_0229,UTI,UTI burning urination frequent urination pelvic pain,English,original_english,fyp_original,pending_review,pending_review,original_unreviewed,
FYP_0229_A01,FYP_0229,UTI,UTI burning urination needing to urinate frequently pelvic pain,English,controlled_synonym_paraphrase,controlled_synonym_augmentation,pending_review,pending_review,pending_review,Generated from FYP_0229 using approved synonym dictionary; seed=42.
FYP_0229_A02,FYP_0229,UTI,UTI burning when urinating needing to urinate frequently pelvic pain,English,controlled_synonym_paraphrase,controlled_synonym_augmentation,pending_review,pending_review,pending_review,Generated from FYP_0229 using approved synonym dictionary; seed=42.
FYP_0230,FYP_0230,UTI,frequent urination burning pain urination cloudy urine UTI,English,original_english,fyp_original,pending_review,pending_review,original_unreviewed,
FYP_0230_A01,FYP_0230,UTI,needing to urinate frequently burning pain urination cloudy urine UTI,English,controlled_synonym_paraphrase,controlled_synonym_augmentation,pending_review,pending_review,pending_review,Generated from FYP_0230 using approved synonym dictionary; seed=42.
FYP_0231,FYP_0231,UTI,painful urination frequent urination abdominal pain cloudy urine,English,original_english,fyp_original,pending_review,pending_review,original_unreviewed,
FYP_0231_A01,FYP_0231,UTI,painful urination frequent urination pain in the abdomen cloudy urine,English,controlled_synonym_paraphrase,controlled_synonym_augmentation,pending_review,pending_review,pending_review,Generated from FYP_0231 using approved synonym dictionary; seed=42.
FYP_0231_A02,FYP_0231,UTI,painful urination needing to urinate frequently pain in the abdomen cloudy urine,English,controlled_synonym_paraphrase,controlled_synonym_augmentation,pending_review,pending_review,pending_review,Generated from FYP_0231 using approved synonym dictionary; seed=42.
FYP_0232,FYP_0232,UTI,burning urination frequency pelvic pain cloudy urine UTI,English,original_english,fyp_original,pending_review,pending_review,original_unreviewed,
FYP_0232_A01,FYP_0232,UTI,painful urination frequency pelvic pain cloudy urine UTI,English,controlled_synonym_paraphrase,controlled_synonym_augmentation,pending_review,pending_review,pending_review,Generated from FYP_0232 using approved synonym dictionary; seed=42.
FYP_0232_A02,FYP_0232,UTI,burning when urinating frequency pelvic pain cloudy urine UTI,English,controlled_synonym_paraphrase,controlled_synonym_augmentation,pending_review,pending_review,pending_review,Generated from FYP_0232 using approved synonym dictionary; seed=42.
FYP_0233,FYP_0233,UTI,urgent frequent urination burning sensation lower abdominal pain,English,original_english,fyp_original,pending_review,pending_review,original_unreviewed,
FYP_0233_A01,FYP_0233,UTI,urgent urinating often burning sensation lower abdominal pain,English,controlled_synonym_paraphrase,controlled_synonym_augmentation,pending_review,pending_review,pending_review,Generated from FYP_0233 using approved synonym dictionary; seed=42.
FYP_0233_A02,FYP_0233,UTI,urgent needing to urinate frequently burning sensation lower pain in the abdomen,English,controlled_synonym_paraphrase,controlled_synonym_augmentation,pending_review,pending_review,pending_review,Generated from FYP_0233 using approved synonym dictionary; seed=42.
FYP_0234,FYP_0234,UTI,UTI frequency burning urination lower back pain,English,original_english,fyp_original,pending_review,pending_review,original_unreviewed,
FYP_0234_A01,FYP_0234,UTI,UTI frequency burning when urinating lower back pain,English,controlled_synonym_paraphrase,controlled_synonym_augmentation,pending_review,pending_review,pending_review,Generated from FYP_0234 using approved synonym dictionary; seed=42.
FYP_0235,FYP_0235,UTI,frequent urination burning pain lower abdominal cloudy urine,English,original_english,fyp_original,pending_review,pending_review,original_unreviewed,
FYP_0235_A01,FYP_0235,UTI,urinating often burning pain lower abdominal cloudy urine,English,controlled_synonym_paraphrase,controlled_synonym_augmentation,pending_review,pending_review,pending_review,Generated from FYP_0235 using approved synonym dictionary; seed=42.
FYP_0235_A02,FYP_0235,UTI,needing to urinate frequently burning pain lower abdominal cloudy urine,English,controlled_synonym_paraphrase,controlled_synonym_augmentation,pending_review,pending_review,pending_review,Generated from FYP_0235 using approved synonym dictionary; seed=42.
FYP_0236,FYP_0236,UTI,پیشاب میں جلن بار بار پیشاب پیٹ کے نیچے درد,Urdu-script,original_urdu_script,fyp_original,pending_review,pending_review,original_unreviewed,
FYP_0237,FYP_0237,UTI,پیشاب کرتے وقت جلن بار بار پیشاب پیشاب میں بادلاپن,Urdu-script,original_urdu_script,fyp_original,pending_review,pending_review,original_unreviewed,
FYP_0238,FYP_0238,UTI,یورین انفیکشن جلن پیشاب بار بار آنا پیٹ درد,Urdu-script,original_urdu_script,fyp_original,pending_review,pending_review,original_unreviewed,
FYP_0239,FYP_0239,UTI,پیشاب میں تکلیف بار بار پیشاب آنا پیٹ کے نیچے درد,Urdu-script,original_urdu_script,fyp_original,pending_review,pending_review,original_unreviewed,
FYP_0240,FYP_0240,UTI,جلن والا پیشاب بار بار پیشاب پیٹ میں درد بادلا پیشاب,Urdu-script,original_urdu_script,fyp_original,pending_review,pending_review,original_unreviewed,
FYP_0241,FYP_0241,Depression,persistent sadness loss of interest hopelessness sleep problems,English,original_english,fyp_original,pending_review,pending_review,original_unreviewed,
FYP_0242,FYP_0242,Depression,feeling sad worthless no interest activities sleep disturbed,English,original_english,fyp_original,pending_review,pending_review,original_unreviewed,
FYP_0243,FYP_0243,Depression,hopelessness sadness loss of interest fatigue sleep problems,English,original_english,fyp_original,pending_review,pending_review,original_unreviewed,
FYP_0243_A01,FYP_0243,Depression,hopelessness sadness loss of interest feeling very tired sleep problems,English,controlled_synonym_paraphrase,controlled_synonym_augmentation,pending_review,pending_review,pending_review,Generated from FYP_0243 using approved synonym dictionary; seed=42.
FYP_0243_A02,FYP_0243,Depression,hopelessness sadness loss of interest tiredness sleep problems,English,controlled_synonym_paraphrase,controlled_synonym_augmentation,pending_review,pending_review,pending_review,Generated from FYP_0243 using approved synonym dictionary; seed=42.
FYP_0244,FYP_0244,Depression,persistent low mood sadness no interest depression,English,original_english,fyp_original,pending_review,pending_review,original_unreviewed,
FYP_0245,FYP_0245,Depression,sadness hopelessness fatigue loss of interest depression,English,original_english,fyp_original,pending_review,pending_review,original_unreviewed,
FYP_0245_A01,FYP_0245,Depression,sadness hopelessness extreme tiredness loss of interest depression,English,controlled_synonym_paraphrase,controlled_synonym_augmentation,pending_review,pending_review,pending_review,Generated from FYP_0245 using approved synonym dictionary; seed=42.
FYP_0245_A02,FYP_0245,Depression,sadness hopelessness feeling very tired loss of interest depression,English,controlled_synonym_paraphrase,controlled_synonym_augmentation,pending_review,pending_review,pending_review,Generated from FYP_0245 using approved synonym dictionary; seed=42.
FYP_0246,FYP_0246,Depression,feeling worthless sad no motivation sleep disturbed depression,English,original_english,fyp_original,pending_review,pending_review,original_unreviewed,
FYP_0247,FYP_0247,Depression,persistent sadness no interest hopeless fatigue depression,English,original_english,fyp_original,pending_review,pending_review,original_unreviewed,
FYP_0247_A01,FYP_0247,Depression,persistent sadness no interest hopeless extreme tiredness depression,English,controlled_synonym_paraphrase,controlled_synonym_augmentation,pending_review,pending_review,pending_review,Generated from FYP_0247 using approved synonym dictionary; seed=42.
FYP_0247_A02,FYP_0247,Depression,persistent sadness no interest hopeless tiredness depression,English,controlled_synonym_paraphrase,controlled_synonym_augmentation,pending_review,pending_review,pending_review,Generated from FYP_0247 using approved synonym dictionary; seed=42.
FYP_0248,FYP_0248,Depression,low mood sadness loss of interest difficulty sleeping,English,original_english,fyp_original,pending_review,pending_review,original_unreviewed,
FYP_0249,FYP_0249,Depression,depression sadness hopeless no motivation sleep problems,English,original_english,fyp_original,pending_review,pending_review,original_unreviewed,
FYP_0250,FYP_0250,Depression,feeling empty sad no interest fatigue sleep disturbance,English,original_english,fyp_original,pending_review,pending_review,original_unreviewed,
FYP_0250_A01,FYP_0250,Depression,feeling empty sad no interest tiredness sleep disturbance,English,controlled_synonym_paraphrase,controlled_synonym_augmentation,pending_review,pending_review,pending_review,Generated from FYP_0250 using approved synonym dictionary; seed=42.
FYP_0250_A02,FYP_0250,Depression,feeling empty sad no interest feeling very tired sleep disturbance,English,controlled_synonym_paraphrase,controlled_synonym_augmentation,pending_review,pending_review,pending_review,Generated from FYP_0250 using approved synonym dictionary; seed=42.
FYP_0251,FYP_0251,Depression,مسلسل اداسی کسی چیز میں دلچسپی نہ ہونا ناامیدی نیند کی پریشانی,Urdu-script,original_urdu_script,fyp_original,pending_review,pending_review,original_unreviewed,
FYP_0252,FYP_0252,Depression,اداسی بے کاری نیند میں مسئلہ کچھ اچھا نہ لگنا,Urdu-script,original_urdu_script,fyp_original,pending_review,pending_review,original_unreviewed,
FYP_0253,FYP_0253,Depression,ناامیدی اداسی تھکاوٹ دلچسپی کا نہ ہونا ڈپریشن,Urdu-script,original_urdu_script,fyp_original,pending_review,pending_review,original_unreviewed,
FYP_0254,FYP_0254,Depression,مسلسل اداسی ناامیدی کسی کام میں دل نہ لگنا,Urdu-script,original_urdu_script,fyp_original,pending_review,pending_review,original_unreviewed,
FYP_0255,FYP_0255,Depression,ڈپریشن اداسی تھکاوٹ دلچسپی نہ ہونا نیند نہ آنا,Urdu-script,original_urdu_script,fyp_original,pending_review,pending_review,original_unreviewed,
FYP_0256,FYP_0256,Anxiety Disorder,excessive worry panic attacks heart racing shortness of breath,English,original_english,fyp_original,pending_review,pending_review,original_unreviewed,
FYP_0256_A01,FYP_0256,Anxiety Disorder,excessive worry panic attacks heart racing breathlessness,English,controlled_synonym_paraphrase,controlled_synonym_augmentation,pending_review,pending_review,pending_review,Generated from FYP_0256 using approved synonym dictionary; seed=42.
FYP_0256_A02,FYP_0256,Anxiety Disorder,excessive worry panic attacks heart racing trouble breathing,English,controlled_synonym_paraphrase,controlled_synonym_augmentation,pending_review,pending_review,pending_review,Generated from FYP_0256 using approved synonym dictionary; seed=42.
FYP_0257,FYP_0257,Anxiety Disorder,constant worry anxiety panic shortness of breath restless,English,original_english,fyp_original,pending_review,pending_review,original_unreviewed,
FYP_0257_A01,FYP_0257,Anxiety Disorder,constant worry anxiety panic breathlessness restless,English,controlled_synonym_paraphrase,controlled_synonym_augmentation,pending_review,pending_review,pending_review,Generated from FYP_0257 using approved synonym dictionary; seed=42.
FYP_0257_A02,FYP_0257,Anxiety Disorder,constant worry anxiety panic difficulty breathing restless,English,controlled_synonym_paraphrase,controlled_synonym_augmentation,pending_review,pending_review,pending_review,Generated from FYP_0257 using approved synonym dictionary; seed=42.
FYP_0258,FYP_0258,Anxiety Disorder,anxiety panic attacks racing heart sweating worry,English,original_english,fyp_original,pending_review,pending_review,original_unreviewed,
FYP_0259,FYP_0259,Anxiety Disorder,excessive anxiety worry restlessness panic attack,English,original_english,fyp_original,pending_review,pending_review,original_unreviewed,
FYP_0260,FYP_0260,Anxiety Disorder,anxiety worry heart pounding breathless panic,English,original_english,fyp_original,pending_review,pending_review,original_unreviewed,
FYP_0261,FYP_0261,Anxiety Disorder,constant worrying panic attack racing heart anxiety,English,original_english,fyp_original,pending_review,pending_review,original_unreviewed,
FYP_0262,FYP_0262,Anxiety Disorder,anxiety excessive worry shortness of breath palpitations,English,original_english,fyp_original,pending_review,pending_review,original_unreviewed,
FYP_0262_A01,FYP_0262,Anxiety Disorder,anxiety excessive worry difficulty breathing palpitations,English,controlled_synonym_paraphrase,controlled_synonym_augmentation,pending_review,pending_review,pending_review,Generated from FYP_0262 using approved synonym dictionary; seed=42.
FYP_0263,FYP_0263,Anxiety Disorder,panic attacks anxiety restlessness heart pounding,English,original_english,fyp_original,pending_review,pending_review,original_unreviewed,
FYP_0264,FYP_0264,Anxiety Disorder,anxiety disorder worry panic breathless heart racing,English,original_english,fyp_original,pending_review,pending_review,original_unreviewed,
FYP_0265,FYP_0265,Anxiety Disorder,excessive anxiety worry panic attacks sweating,English,original_english,fyp_original,pending_review,pending_review,original_unreviewed,
FYP_0266,FYP_0266,Anxiety Disorder,ضرورت سے زیادہ فکر گھبراہٹ دل تیز چلنا سانس پھولنا,Urdu-script,original_urdu_script,fyp_original,pending_review,pending_review,original_unreviewed,
FYP_0267,FYP_0267,Anxiety Disorder,مسلسل فکر گھبراہٹ کا دورہ سانس لینے میں دشواری,Urdu-script,original_urdu_script,fyp_original,pending_review,pending_review,original_unreviewed,
FYP_0268,FYP_0268,Anxiety Disorder,اینگزائٹی گھبراہٹ دل کا تیز چلنا پسینہ فکر,Urdu-script,original_urdu_script,fyp_original,pending_review,pending_review,original_unreviewed,
FYP_0269,FYP_0269,Anxiety Disorder,پریشانی گھبراہٹ کا دورہ دل تیز دھڑکنا,Urdu-script,original_urdu_script,fyp_original,pending_review,pending_review,original_unreviewed,
FYP_0270,FYP_0270,Anxiety Disorder,فکر گھبراہٹ دل دھڑکنا سانس پھولنا,Urdu-script,original_urdu_script,fyp_original,pending_review,pending_review,original_unreviewed,
FYP_0271,FYP_0271,Tonsillitis,severe sore throat difficulty swallowing fever swollen tonsils,English,original_english,fyp_original,pending_review,pending_review,original_unreviewed,
FYP_0271_A01,FYP_0271,Tonsillitis,severe sore throat pain when swallowing fever swollen tonsils,English,controlled_synonym_paraphrase,controlled_synonym_augmentation,pending_review,pending_review,pending_review,Generated from FYP_0271 using approved synonym dictionary; seed=42.
FYP_0271_A02,FYP_0271,Tonsillitis,severe painful throat difficulty swallowing raised temperature swollen tonsils,English,controlled_synonym_paraphrase,controlled_synonym_augmentation,pending_review,pending_review,pending_review,Generated from FYP_0271 using approved synonym dictionary; seed=42.
FYP_0272,FYP_0272,Tonsillitis,painful throat swollen tonsils fever difficulty eating,English,original_english,fyp_original,pending_review,pending_review,original_unreviewed,
FYP_0272_A01,FYP_0272,Tonsillitis,painful throat swollen tonsils raised temperature difficulty eating,English,controlled_synonym_paraphrase,controlled_synonym_augmentation,pending_review,pending_review,pending_review,Generated from FYP_0272 using approved synonym dictionary; seed=42.
FYP_0272_A02,FYP_0272,Tonsillitis,painful throat swollen tonsils high temperature difficulty eating,English,controlled_synonym_paraphrase,controlled_synonym_augmentation,pending_review,pending_review,pending_review,Generated from FYP_0272 using approved synonym dictionary; seed=42.
FYP_0273,FYP_0273,Tonsillitis,sore throat swollen glands fever tonsillitis pain swallowing,English,original_english,fyp_original,pending_review,pending_review,original_unreviewed,
FYP_0273_A01,FYP_0273,Tonsillitis,throat pain swollen glands fever tonsillitis pain swallowing,English,controlled_synonym_paraphrase,controlled_synonym_augmentation,pending_review,pending_review,pending_review,Generated from FYP_0273 using approved synonym dictionary; seed=42.
FYP_0273_A02,FYP_0273,Tonsillitis,throat irritation swollen glands high temperature tonsillitis pain swallowing,English,controlled_synonym_paraphrase,controlled_synonym_augmentation,pending_review,pending_review,pending_review,Generated from FYP_0273 using approved synonym dictionary; seed=42.
FYP_0274,FYP_0274,Tonsillitis,throat pain swollen tonsils fever difficulty swallowing,English,original_english,fyp_original,pending_review,pending_review,original_unreviewed,
FYP_0274_A01,FYP_0274,Tonsillitis,throat pain swollen tonsils fever pain when swallowing,English,controlled_synonym_paraphrase,controlled_synonym_augmentation,pending_review,pending_review,pending_review,Generated from FYP_0274 using approved synonym dictionary; seed=42.
FYP_0274_A02,FYP_0274,Tonsillitis,throat pain swollen tonsils raised temperature trouble swallowing,English,controlled_synonym_paraphrase,controlled_synonym_augmentation,pending_review,pending_review,pending_review,Generated from FYP_0274 using approved synonym dictionary; seed=42.
FYP_0275,FYP_0275,Tonsillitis,severe sore throat tonsils swollen painful fever,English,original_english,fyp_original,pending_review,pending_review,original_unreviewed,
FYP_0275_A01,FYP_0275,Tonsillitis,severe throat irritation tonsils swollen painful fever,English,controlled_synonym_paraphrase,controlled_synonym_augmentation,pending_review,pending_review,pending_review,Generated from FYP_0275 using approved synonym dictionary; seed=42.
FYP_0275_A02,FYP_0275,Tonsillitis,severe painful throat tonsils swollen painful raised temperature,English,controlled_synonym_paraphrase,controlled_synonym_augmentation,pending_review,pending_review,pending_review,Generated from FYP_0275 using approved synonym dictionary; seed=42.
FYP_0276,FYP_0276,Tonsillitis,tonsillitis sore throat swollen tonsils fever swallowing painful,English,original_english,fyp_original,pending_review,pending_review,original_unreviewed,
FYP_0276_A01,FYP_0276,Tonsillitis,tonsillitis throat irritation swollen tonsils fever swallowing painful,English,controlled_synonym_paraphrase,controlled_synonym_augmentation,pending_review,pending_review,pending_review,Generated from FYP_0276 using approved synonym dictionary; seed=42.
FYP_0276_A02,FYP_0276,Tonsillitis,tonsillitis throat irritation swollen tonsils raised temperature swallowing painful,English,controlled_synonym_paraphrase,controlled_synonym_augmentation,pending_review,pending_review,pending_review,Generated from FYP_0276 using approved synonym dictionary; seed=42.
FYP_0277,FYP_0277,Tonsillitis,painful swollen tonsils sore throat fever difficulty swallowing,English,original_english,fyp_original,pending_review,pending_review,original_unreviewed,
FYP_0277_A01,FYP_0277,Tonsillitis,painful swollen tonsils painful throat fever difficulty swallowing,English,controlled_synonym_paraphrase,controlled_synonym_augmentation,pending_review,pending_review,pending_review,Generated from FYP_0277 using approved synonym dictionary; seed=42.
FYP_0277_A02,FYP_0277,Tonsillitis,painful swollen tonsils throat irritation high temperature difficulty swallowing,English,controlled_synonym_paraphrase,controlled_synonym_augmentation,pending_review,pending_review,pending_review,Generated from FYP_0277 using approved synonym dictionary; seed=42.
FYP_0278,FYP_0278,Tonsillitis,throat pain fever swollen tonsils tonsillitis,English,original_english,fyp_original,pending_review,pending_review,original_unreviewed,
FYP_0278_A01,FYP_0278,Tonsillitis,throat pain high temperature swollen tonsils tonsillitis,English,controlled_synonym_paraphrase,controlled_synonym_augmentation,pending_review,pending_review,pending_review,Generated from FYP_0278 using approved synonym dictionary; seed=42.
FYP_0278_A02,FYP_0278,Tonsillitis,throat pain raised temperature swollen tonsils tonsillitis,English,controlled_synonym_paraphrase,controlled_synonym_augmentation,pending_review,pending_review,pending_review,Generated from FYP_0278 using approved synonym dictionary; seed=42.
FYP_0279,FYP_0279,Tonsillitis,sore throat swollen tonsils difficulty swallowing fever,English,original_english,fyp_original,pending_review,pending_review,original_unreviewed,
FYP_0279_A01,FYP_0279,Tonsillitis,sore throat swollen tonsils pain when swallowing fever,English,controlled_synonym_paraphrase,controlled_synonym_augmentation,pending_review,pending_review,pending_review,Generated from FYP_0279 using approved synonym dictionary; seed=42.
FYP_0279_A02,FYP_0279,Tonsillitis,throat pain swollen tonsils difficulty swallowing high temperature,English,controlled_synonym_paraphrase,controlled_synonym_augmentation,pending_review,pending_review,pending_review,Generated from FYP_0279 using approved synonym dictionary; seed=42.
FYP_0280,FYP_0280,Tonsillitis,swollen painful tonsils sore throat fever tonsillitis,English,original_english,fyp_original,pending_review,pending_review,original_unreviewed,
FYP_0280_A01,FYP_0280,Tonsillitis,swollen painful tonsils painful throat fever tonsillitis,English,controlled_synonym_paraphrase,controlled_synonym_augmentation,pending_review,pending_review,pending_review,Generated from FYP_0280 using approved synonym dictionary; seed=42.
FYP_0280_A02,FYP_0280,Tonsillitis,swollen painful tonsils throat pain high temperature tonsillitis,English,controlled_synonym_paraphrase,controlled_synonym_augmentation,pending_review,pending_review,pending_review,Generated from FYP_0280 using approved synonym dictionary; seed=42.
FYP_0281,FYP_0281,Tonsillitis,گلے میں شدید درد ٹانسل کی سوجن بخار نگلنے میں دشواری,Urdu-script,original_urdu_script,fyp_original,pending_review,pending_review,original_unreviewed,
FYP_0282,FYP_0282,Tonsillitis,گلے میں تکلیف ٹانسل سوجنا بخار کھانا نگلنے میں مشکل,Urdu-script,original_urdu_script,fyp_original,pending_review,pending_review,original_unreviewed,
FYP_0283,FYP_0283,Tonsillitis,ٹانسل کا درد سوجنا بخار نگلنے میں دشواری,Urdu-script,original_urdu_script,fyp_original,pending_review,pending_review,original_unreviewed,
FYP_0284,FYP_0284,Tonsillitis,گلے میں درد ٹانسل کی سوجن بخار ٹانسلائٹس,Urdu-script,original_urdu_script,fyp_original,pending_review,pending_review,original_unreviewed,
FYP_0285,FYP_0285,Tonsillitis,شدید گلے کا درد ٹانسل سوجنا نگلنے میں تکلیف,Urdu-script,original_urdu_script,fyp_original,pending_review,pending_review,original_unreviewed,
FYP_0286,FYP_0286,Allergic Rhinitis,runny nose sneezing itchy eyes nasal congestion allergy,English,original_english,fyp_original,pending_review,pending_review,original_unreviewed,
FYP_0286_A01,FYP_0286,Allergic Rhinitis,a nose that is running sneezing itchy eyes nasal congestion allergy,English,controlled_synonym_paraphrase,controlled_synonym_augmentation,pending_review,pending_review,pending_review,Generated from FYP_0286 using approved synonym dictionary; seed=42.
FYP_0286_A02,FYP_0286,Allergic Rhinitis,runny nose frequent sneezing itchy eyes stuffy nose allergy,English,controlled_synonym_paraphrase,controlled_synonym_augmentation,pending_review,pending_review,pending_review,Generated from FYP_0286 using approved synonym dictionary; seed=42.
FYP_0287,FYP_0287,Allergic Rhinitis,sneezing itchy eyes runny nose nasal congestion allergic,English,original_english,fyp_original,pending_review,pending_review,original_unreviewed,
FYP_0287_A01,FYP_0287,Allergic Rhinitis,frequent sneezing itchy eyes runny nose nasal congestion allergic,English,controlled_synonym_paraphrase,controlled_synonym_augmentation,pending_review,pending_review,pending_review,Generated from FYP_0287 using approved synonym dictionary; seed=42.
FYP_0287_A02,FYP_0287,Allergic Rhinitis,sneezing itchy eyes nasal discharge stuffy nose allergic,English,controlled_synonym_paraphrase,controlled_synonym_augmentation,pending_review,pending_review,pending_review,Generated from FYP_0287 using approved synonym dictionary; seed=42.
FYP_0288,FYP_0288,Allergic Rhinitis,allergic rhinitis sneezing runny nose itchy eyes congestion,English,original_english,fyp_original,pending_review,pending_review,original_unreviewed,
FYP_0288_A01,FYP_0288,Allergic Rhinitis,allergic rhinitis sneezing nasal discharge itchy eyes congestion,English,controlled_synonym_paraphrase,controlled_synonym_augmentation,pending_review,pending_review,pending_review,Generated from FYP_0288 using approved synonym dictionary; seed=42.
FYP_0288_A02,FYP_0288,Allergic Rhinitis,allergic rhinitis frequent sneezing a nose that is running itchy eyes congestion,English,controlled_synonym_paraphrase,controlled_synonym_augmentation,pending_review,pending_review,pending_review,Generated from FYP_0288 using approved synonym dictionary; seed=42.
FYP_0289,FYP_0289,Allergic Rhinitis,nasal allergy sneezing itchy nose eyes runny nose,English,original_english,fyp_original,pending_review,pending_review,original_unreviewed,
FYP_0289_A01,FYP_0289,Allergic Rhinitis,nasal allergy sneezing itchy nose eyes nasal discharge,English,controlled_synonym_paraphrase,controlled_synonym_augmentation,pending_review,pending_review,pending_review,Generated from FYP_0289 using approved synonym dictionary; seed=42.
FYP_0289_A02,FYP_0289,Allergic Rhinitis,nasal allergy frequent sneezing itchy nose eyes a nose that is running,English,controlled_synonym_paraphrase,controlled_synonym_augmentation,pending_review,pending_review,pending_review,Generated from FYP_0289 using approved synonym dictionary; seed=42.
FYP_0290,FYP_0290,Allergic Rhinitis,sneezing runny nose itchy eyes allergy rhinitis,English,original_english,fyp_original,pending_review,pending_review,original_unreviewed,
FYP_0290_A01,FYP_0290,Allergic Rhinitis,sneezing a nose that is running itchy eyes allergy rhinitis,English,controlled_synonym_paraphrase,controlled_synonym_augmentation,pending_review,pending_review,pending_review,Generated from FYP_0290 using approved synonym dictionary; seed=42.
FYP_0290_A02,FYP_0290,Allergic Rhinitis,frequent sneezing a nose that is running itchy eyes allergy rhinitis,English,controlled_synonym_paraphrase,controlled_synonym_augmentation,pending_review,pending_review,pending_review,Generated from FYP_0290 using approved synonym dictionary; seed=42.
FYP_0291,FYP_0291,Allergic Rhinitis,itchy nose eyes sneezing runny nose allergic rhinitis,English,original_english,fyp_original,pending_review,pending_review,original_unreviewed,
FYP_0291_A01,FYP_0291,Allergic Rhinitis,itchy nose eyes frequent sneezing runny nose allergic rhinitis,English,controlled_synonym_paraphrase,controlled_synonym_augmentation,pending_review,pending_review,pending_review,Generated from FYP_0291 using approved synonym dictionary; seed=42.
FYP_0291_A02,FYP_0291,Allergic Rhinitis,itchy nose eyes frequent sneezing a nose that is running allergic rhinitis,English,controlled_synonym_paraphrase,controlled_synonym_augmentation,pending_review,pending_review,pending_review,Generated from FYP_0291 using approved synonym dictionary; seed=42.
FYP_0292,FYP_0292,Allergic Rhinitis,nasal congestion sneezing itchy eyes runny nose allergy,English,original_english,fyp_original,pending_review,pending_review,original_unreviewed,
FYP_0292_A01,FYP_0292,Allergic Rhinitis,nasal congestion sneezing itchy eyes nasal discharge allergy,English,controlled_synonym_paraphrase,controlled_synonym_augmentation,pending_review,pending_review,pending_review,Generated from FYP_0292 using approved synonym dictionary; seed=42.
FYP_0292_A02,FYP_0292,Allergic Rhinitis,nasal congestion frequent sneezing itchy eyes nasal discharge allergy,English,controlled_synonym_paraphrase,controlled_synonym_augmentation,pending_review,pending_review,pending_review,Generated from FYP_0292 using approved synonym dictionary; seed=42.
FYP_0293,FYP_0293,Allergic Rhinitis,allergic rhinitis sneezing itchy eyes runny nose congestion,English,original_english,fyp_original,pending_review,pending_review,original_unreviewed,
FYP_0293_A01,FYP_0293,Allergic Rhinitis,allergic rhinitis sneezing itchy eyes nasal discharge congestion,English,controlled_synonym_paraphrase,controlled_synonym_augmentation,pending_review,pending_review,pending_review,Generated from FYP_0293 using approved synonym dictionary; seed=42.
FYP_0293_A02,FYP_0293,Allergic Rhinitis,allergic rhinitis frequent sneezing itchy eyes nasal discharge congestion,English,controlled_synonym_paraphrase,controlled_synonym_augmentation,pending_review,pending_review,pending_review,Generated from FYP_0293 using approved synonym dictionary; seed=42.
FYP_0294,FYP_0294,Allergic Rhinitis,itchy eyes nose sneezing runny nose allergic,English,original_english,fyp_original,pending_review,pending_review,original_unreviewed,
FYP_0294_A01,FYP_0294,Allergic Rhinitis,itchy eyes nose frequent sneezing runny nose allergic,English,controlled_synonym_paraphrase,controlled_synonym_augmentation,pending_review,pending_review,pending_review,Generated from FYP_0294 using approved synonym dictionary; seed=42.
FYP_0294_A02,FYP_0294,Allergic Rhinitis,itchy eyes nose frequent sneezing nasal discharge allergic,English,controlled_synonym_paraphrase,controlled_synonym_augmentation,pending_review,pending_review,pending_review,Generated from FYP_0294 using approved synonym dictionary; seed=42.
FYP_0295,FYP_0295,Allergic Rhinitis,sneezing itchy eyes nasal congestion runny nose allergy,English,original_english,fyp_original,pending_review,pending_review,original_unreviewed,
FYP_0295_A01,FYP_0295,Allergic Rhinitis,sneezing itchy eyes nasal congestion a nose that is running allergy,English,controlled_synonym_paraphrase,controlled_synonym_augmentation,pending_review,pending_review,pending_review,Generated from FYP_0295 using approved synonym dictionary; seed=42.
FYP_0295_A02,FYP_0295,Allergic Rhinitis,frequent sneezing itchy eyes nasal congestion nasal discharge allergy,English,controlled_synonym_paraphrase,controlled_synonym_augmentation,pending_review,pending_review,pending_review,Generated from FYP_0295 using approved synonym dictionary; seed=42.
FYP_0296,FYP_0296,Allergic Rhinitis,چھینکیں آنا آنکھوں میں کھجلی ناک بہنا الرجی ناک بند,Urdu-script,original_urdu_script,fyp_original,pending_review,pending_review,original_unreviewed,
FYP_0297,FYP_0297,Allergic Rhinitis,الرجک رائنائٹس چھینکیں آنکھوں میں کھجلی ناک بند,Urdu-script,original_urdu_script,fyp_original,pending_review,pending_review,original_unreviewed,
FYP_0298,FYP_0298,Allergic Rhinitis,ناک کی الرجی چھینکیں آنکھوں میں کھجلی ناک بہنا,Urdu-script,original_urdu_script,fyp_original,pending_review,pending_review,original_unreviewed,
FYP_0299,FYP_0299,Allergic Rhinitis,چھینکیں آنکھوں میں کھجلی ناک بہنا ناک بند الرجی,Urdu-script,original_urdu_script,fyp_original,pending_review,pending_review,original_unreviewed,
FYP_0300,FYP_0300,Allergic Rhinitis,الرجی چھینکیں ناک بہنا آنکھوں میں کھجلی,Urdu-script,original_urdu_script,fyp_original,pending_review,pending_review,original_unreviewed,
FYP_0301,FYP_0301,Gastritis,stomach pain after eating nausea bloating burning sensation,English,original_english,fyp_original,pending_review,pending_review,original_unreviewed,
FYP_0301_A01,FYP_0301,Gastritis,abdominal pain after eating nausea bloating burning sensation,English,controlled_synonym_paraphrase,controlled_synonym_augmentation,pending_review,pending_review,pending_review,Generated from FYP_0301 using approved synonym dictionary; seed=42.
FYP_0301_A02,FYP_0301,Gastritis,pain in the stomach after eating feeling like vomiting bloating burning sensation,English,controlled_synonym_paraphrase,controlled_synonym_augmentation,pending_review,pending_review,pending_review,Generated from FYP_0301 using approved synonym dictionary; seed=42.
FYP_0302,FYP_0302,Gastritis,abdominal pain nausea vomiting bloating acidity heartburn,English,original_english,fyp_original,pending_review,pending_review,original_unreviewed,
FYP_0302_A01,FYP_0302,Gastritis,abdominal pain nausea being sick bloating acidity heartburn,English,controlled_synonym_paraphrase,controlled_synonym_augmentation,pending_review,pending_review,pending_review,Generated from FYP_0302 using approved synonym dictionary; seed=42.
FYP_0302_A02,FYP_0302,Gastritis,pain in the abdomen feeling sick vomiting bloating acidity heartburn,English,controlled_synonym_paraphrase,controlled_synonym_augmentation,pending_review,pending_review,pending_review,Generated from FYP_0302 using approved synonym dictionary; seed=42.
FYP_0303,FYP_0303,Gastritis,stomach discomfort nausea bloating burning after eating,English,original_english,fyp_original,pending_review,pending_review,original_unreviewed,
FYP_0303_A01,FYP_0303,Gastritis,stomach discomfort feeling like vomiting bloating burning after eating,English,controlled_synonym_paraphrase,controlled_synonym_augmentation,pending_review,pending_review,pending_review,Generated from FYP_0303 using approved synonym dictionary; seed=42.
FYP_0303_A02,FYP_0303,Gastritis,stomach discomfort feeling sick bloating burning after eating,English,controlled_synonym_paraphrase,controlled_synonym_augmentation,pending_review,pending_review,pending_review,Generated from FYP_0303 using approved synonym dictionary; seed=42.
FYP_0304,FYP_0304,Gastritis,upper abdominal pain nausea bloating heartburn gastritis,English,original_english,fyp_original,pending_review,pending_review,original_unreviewed,
FYP_0304_A01,FYP_0304,Gastritis,upper abdominal pain feeling like vomiting bloating heartburn gastritis,English,controlled_synonym_paraphrase,controlled_synonym_augmentation,pending_review,pending_review,pending_review,Generated from FYP_0304 using approved synonym dictionary; seed=42.
FYP_0304_A02,FYP_0304,Gastritis,upper pain in the abdomen feeling sick bloating heartburn gastritis,English,controlled_synonym_paraphrase,controlled_synonym_augmentation,pending_review,pending_review,pending_review,Generated from FYP_0304 using approved synonym dictionary; seed=42.
FYP_0305,FYP_0305,Gastritis,stomach burning nausea bloating pain after eating,English,original_english,fyp_original,pending_review,pending_review,original_unreviewed,
FYP_0305_A01,FYP_0305,Gastritis,stomach burning feeling sick bloating pain after eating,English,controlled_synonym_paraphrase,controlled_synonym_augmentation,pending_review,pending_review,pending_review,Generated from FYP_0305 using approved synonym dictionary; seed=42.
FYP_0305_A02,FYP_0305,Gastritis,stomach burning feeling like vomiting bloating pain after eating,English,controlled_synonym_paraphrase,controlled_synonym_augmentation,pending_review,pending_review,pending_review,Generated from FYP_0305 using approved synonym dictionary; seed=42.
FYP_0306,FYP_0306,Gastritis,gastritis stomach pain burning nausea bloating,English,original_english,fyp_original,pending_review,pending_review,original_unreviewed,
FYP_0306_A01,FYP_0306,Gastritis,gastritis belly pain burning nausea bloating,English,controlled_synonym_paraphrase,controlled_synonym_augmentation,pending_review,pending_review,pending_review,Generated from FYP_0306 using approved synonym dictionary; seed=42.
FYP_0306_A02,FYP_0306,Gastritis,gastritis pain in the stomach burning feeling like vomiting bloating,English,controlled_synonym_paraphrase,controlled_synonym_augmentation,pending_review,pending_review,pending_review,Generated from FYP_0306 using approved synonym dictionary; seed=42.
FYP_0307,FYP_0307,Gastritis,abdominal discomfort nausea bloating burning sensation gastritis,English,original_english,fyp_original,pending_review,pending_review,original_unreviewed,
FYP_0307_A01,FYP_0307,Gastritis,abdominal discomfort feeling like vomiting bloating burning sensation gastritis,English,controlled_synonym_paraphrase,controlled_synonym_augmentation,pending_review,pending_review,pending_review,Generated from FYP_0307 using approved synonym dictionary; seed=42.
FYP_0307_A02,FYP_0307,Gastritis,abdominal discomfort feeling sick bloating burning sensation gastritis,English,controlled_synonym_paraphrase,controlled_synonym_augmentation,pending_review,pending_review,pending_review,Generated from FYP_0307 using approved synonym dictionary; seed=42.
FYP_0308,FYP_0308,Gastritis,stomach pain after eating bloating nausea heartburn,English,original_english,fyp_original,pending_review,pending_review,original_unreviewed,
FYP_0308_A01,FYP_0308,Gastritis,stomach pain after eating bloating feeling like vomiting heartburn,English,controlled_synonym_paraphrase,controlled_synonym_augmentation,pending_review,pending_review,pending_review,Generated from FYP_0308 using approved synonym dictionary; seed=42.
FYP_0308_A02,FYP_0308,Gastritis,abdominal pain after eating bloating feeling sick heartburn,English,controlled_synonym_paraphrase,controlled_synonym_augmentation,pending_review,pending_review,pending_review,Generated from FYP_0308 using approved synonym dictionary; seed=42.
FYP_0309,FYP_0309,Gastritis,gastritis burning stomach pain nausea bloating,English,original_english,fyp_original,pending_review,pending_review,original_unreviewed,
FYP_0309_A01,FYP_0309,Gastritis,gastritis burning pain in the stomach nausea bloating,English,controlled_synonym_paraphrase,controlled_synonym_augmentation,pending_review,pending_review,pending_review,Generated from FYP_0309 using approved synonym dictionary; seed=42.
FYP_0309_A02,FYP_0309,Gastritis,gastritis burning belly pain feeling like vomiting bloating,English,controlled_synonym_paraphrase,controlled_synonym_augmentation,pending_review,pending_review,pending_review,Generated from FYP_0309 using approved synonym dictionary; seed=42.
FYP_0310,FYP_0310,Gastritis,upper stomach pain burning nausea bloating gastritis,English,original_english,fyp_original,pending_review,pending_review,original_unreviewed,
FYP_0310_A01,FYP_0310,Gastritis,upper pain in the stomach burning nausea bloating gastritis,English,controlled_synonym_paraphrase,controlled_synonym_augmentation,pending_review,pending_review,pending_review,Generated from FYP_0310 using approved synonym dictionary; seed=42.
FYP_0310_A02,FYP_0310,Gastritis,upper abdominal pain burning feeling sick bloating gastritis,English,controlled_synonym_paraphrase,controlled_synonym_augmentation,pending_review,pending_review,pending_review,Generated from FYP_0310 using approved synonym dictionary; seed=42.
FYP_0311,FYP_0311,Gastritis,کھانے کے بعد پیٹ میں درد متلی پیٹ پھولنا جلن,Urdu-script,original_urdu_script,fyp_original,pending_review,pending_review,original_unreviewed,
FYP_0312,FYP_0312,Gastritis,پیٹ میں درد متلی پھولنا جلن تیزابیت,Urdu-script,original_urdu_script,fyp_original,pending_review,pending_review,original_unreviewed,
FYP_0313,FYP_0313,Gastritis,پیٹ میں جلن متلی پھولنا کھانے کے بعد درد گیسٹرائٹس,Urdu-script,original_urdu_script,fyp_original,pending_review,pending_review,original_unreviewed,
FYP_0314,FYP_0314,Gastritis,اوپری پیٹ میں درد جلن متلی پھولنا,Urdu-script,original_urdu_script,fyp_original,pending_review,pending_review,original_unreviewed,
FYP_0315,FYP_0315,Gastritis,پیٹ میں جلن درد متلی پھولنا گیسٹرائٹس,Urdu-script,original_urdu_script,fyp_original,pending_review,pending_review,original_unreviewed,
FYP_0316,FYP_0316,Back Pain,lower back pain after lifting cannot stand straight,English,original_english,fyp_original,pending_review,pending_review,original_unreviewed,
FYP_0317,FYP_0317,Back Pain,severe lower back pain stiffness cannot bend,English,original_english,fyp_original,pending_review,pending_review,original_unreviewed,
FYP_0318,FYP_0318,Back Pain,back pain radiating to leg sciatica lower back,English,original_english,fyp_original,pending_review,pending_review,original_unreviewed,
FYP_0319,FYP_0319,Back Pain,chronic lower back pain stiffness morning worse,English,original_english,fyp_original,pending_review,pending_review,original_unreviewed,
FYP_0320,FYP_0320,Back Pain,lower back pain muscle spasm cannot move properly,English,original_english,fyp_original,pending_review,pending_review,original_unreviewed,
FYP_0321,FYP_0321,Back Pain,back pain radiating leg numbness sciatica,English,original_english,fyp_original,pending_review,pending_review,original_unreviewed,
FYP_0322,FYP_0322,Back Pain,lower back stiffness pain after sitting long time,English,original_english,fyp_original,pending_review,pending_review,original_unreviewed,
FYP_0323,FYP_0323,Back Pain,severe back pain cannot lift anything stiffness,English,original_english,fyp_original,pending_review,pending_review,original_unreviewed,
FYP_0324,FYP_0324,Back Pain,back pain worse in morning stiffness lower back,English,original_english,fyp_original,pending_review,pending_review,original_unreviewed,
FYP_0325,FYP_0325,Back Pain,chronic back pain lower back stiffness muscle ache,English,original_english,fyp_original,pending_review,pending_review,original_unreviewed,
FYP_0326,FYP_0326,Back Pain,کمر کے نیچے درد اٹھانے کے بعد سیدھا کھڑا نہ ہو سکنا,Urdu-script,original_urdu_script,fyp_original,pending_review,pending_review,original_unreviewed,
FYP_0327,FYP_0327,Back Pain,شدید کمر درد اکڑاہٹ جھکنے میں دشواری,Urdu-script,original_urdu_script,fyp_original,pending_review,pending_review,original_unreviewed,
FYP_0328,FYP_0328,Back Pain,کمر سے ٹانگ تک درد جانا سائیٹیکا کمر درد,Urdu-script,original_urdu_script,fyp_original,pending_review,pending_review,original_unreviewed,
FYP_0329,FYP_0329,Back Pain,دائمی کمر درد اکڑاہٹ صبح کو زیادہ,Urdu-script,original_urdu_script,fyp_original,pending_review,pending_review,original_unreviewed,
FYP_0330,FYP_0330,Back Pain,کمر درد ٹانگ میں سن ہونا سائیٹیکا,Urdu-script,original_urdu_script,fyp_original,pending_review,pending_review,original_unreviewed,
FYP_0331,FYP_0331,Anemia,fatigue weakness pale skin dizziness shortness of breath,English,original_english,fyp_original,pending_review,pending_review,original_unreviewed,
FYP_0331_A01,FYP_0331,Anemia,fatigue weakness pale skin dizziness difficulty breathing,English,controlled_synonym_paraphrase,controlled_synonym_augmentation,pending_review,pending_review,pending_review,Generated from FYP_0331 using approved synonym dictionary; seed=42.
FYP_0331_A02,FYP_0331,Anemia,fatigue low energy pale skin dizziness breathlessness,English,controlled_synonym_paraphrase,controlled_synonym_augmentation,pending_review,pending_review,pending_review,Generated from FYP_0331 using approved synonym dictionary; seed=42.
FYP_0332,FYP_0332,Anemia,tiredness weakness pallor dizziness breathlessness anemia,English,original_english,fyp_original,pending_review,pending_review,original_unreviewed,
FYP_0332_A01,FYP_0332,Anemia,tiredness weakness pallor lightheadedness breathlessness anemia,English,controlled_synonym_paraphrase,controlled_synonym_augmentation,pending_review,pending_review,pending_review,Generated from FYP_0332 using approved synonym dictionary; seed=42.
FYP_0332_A02,FYP_0332,Anemia,tiredness low energy pallor dizziness trouble breathing anemia,English,controlled_synonym_paraphrase,controlled_synonym_augmentation,pending_review,pending_review,pending_review,Generated from FYP_0332 using approved synonym dictionary; seed=42.
FYP_0333,FYP_0333,Anemia,extreme fatigue pale skin dizziness headache weakness,English,original_english,fyp_original,pending_review,pending_review,original_unreviewed,
FYP_0333_A01,FYP_0333,Anemia,extreme tiredness pale skin dizziness headache weakness,English,controlled_synonym_paraphrase,controlled_synonym_augmentation,pending_review,pending_review,pending_review,Generated from FYP_0333 using approved synonym dictionary; seed=42.
FYP_0333_A02,FYP_0333,Anemia,extreme fatigue pale skin dizziness head pain low energy,English,controlled_synonym_paraphrase,controlled_synonym_augmentation,pending_review,pending_review,pending_review,Generated from FYP_0333 using approved synonym dictionary; seed=42.
FYP_0334,FYP_0334,Anemia,weakness tiredness pale nails skin dizziness anemia,English,original_english,fyp_original,pending_review,pending_review,original_unreviewed,
FYP_0334_A01,FYP_0334,Anemia,weakness tiredness pale nails skin feeling dizzy anemia,English,controlled_synonym_paraphrase,controlled_synonym_augmentation,pending_review,pending_review,pending_review,Generated from FYP_0334 using approved synonym dictionary; seed=42.
FYP_0334_A02,FYP_0334,Anemia,lack of strength tiredness pale nails skin lightheadedness anemia,English,controlled_synonym_paraphrase,controlled_synonym_augmentation,pending_review,pending_review,pending_review,Generated from FYP_0334 using approved synonym dictionary; seed=42.
FYP_0335,FYP_0335,Anemia,fatigue dizziness pale skin shortness of breath anemia,English,original_english,fyp_original,pending_review,pending_review,original_unreviewed,
FYP_0335_A01,FYP_0335,Anemia,fatigue lightheadedness pale skin shortness of breath anemia,English,controlled_synonym_paraphrase,controlled_synonym_augmentation,pending_review,pending_review,pending_review,Generated from FYP_0335 using approved synonym dictionary; seed=42.
FYP_0335_A02,FYP_0335,Anemia,tiredness dizziness pale skin trouble breathing anemia,English,controlled_synonym_paraphrase,controlled_synonym_augmentation,pending_review,pending_review,pending_review,Generated from FYP_0335 using approved synonym dictionary; seed=42.
FYP_0336,FYP_0336,Anemia,anemia weakness fatigue pale skin dizziness breathlessness,English,original_english,fyp_original,pending_review,pending_review,original_unreviewed,
FYP_0336_A01,FYP_0336,Anemia,anemia weakness fatigue pale skin dizziness difficulty breathing,English,controlled_synonym_paraphrase,controlled_synonym_augmentation,pending_review,pending_review,pending_review,Generated from FYP_0336 using approved synonym dictionary; seed=42.
FYP_0336_A02,FYP_0336,Anemia,anemia weakness extreme tiredness pale skin feeling dizzy breathlessness,English,controlled_synonym_paraphrase,controlled_synonym_augmentation,pending_review,pending_review,pending_review,Generated from FYP_0336 using approved synonym dictionary; seed=42.
FYP_0337,FYP_0337,Anemia,tired weak pale skin dizzy shortness of breath,English,original_english,fyp_original,pending_review,pending_review,original_unreviewed,
FYP_0337_A01,FYP_0337,Anemia,tired weak pale skin dizzy breathlessness,English,controlled_synonym_paraphrase,controlled_synonym_augmentation,pending_review,pending_review,pending_review,Generated from FYP_0337 using approved synonym dictionary; seed=42.
FYP_0337_A02,FYP_0337,Anemia,tired weak pale skin dizzy difficulty breathing,English,controlled_synonym_paraphrase,controlled_synonym_augmentation,pending_review,pending_review,pending_review,Generated from FYP_0337 using approved synonym dictionary; seed=42.
FYP_0338,FYP_0338,Anemia,extreme tiredness weakness pale nails dizziness anemia,English,original_english,fyp_original,pending_review,pending_review,original_unreviewed,
FYP_0338_A01,FYP_0338,Anemia,extreme tiredness low energy pale nails dizziness anemia,English,controlled_synonym_paraphrase,controlled_synonym_augmentation,pending_review,pending_review,pending_review,Generated from FYP_0338 using approved synonym dictionary; seed=42.
FYP_0338_A02,FYP_0338,Anemia,extreme tiredness low energy pale nails feeling dizzy anemia,English,controlled_synonym_paraphrase,controlled_synonym_augmentation,pending_review,pending_review,pending_review,Generated from FYP_0338 using approved synonym dictionary; seed=42.
FYP_0339,FYP_0339,Anemia,fatigue weakness pale skin breathlessness dizziness,English,original_english,fyp_original,pending_review,pending_review,original_unreviewed,
FYP_0339_A01,FYP_0339,Anemia,fatigue lack of strength pale skin breathlessness dizziness,English,controlled_synonym_paraphrase,controlled_synonym_augmentation,pending_review,pending_review,pending_review,Generated from FYP_0339 using approved synonym dictionary; seed=42.
FYP_0339_A02,FYP_0339,Anemia,extreme tiredness weakness pale skin breathlessness lightheadedness,English,controlled_synonym_paraphrase,controlled_synonym_augmentation,pending_review,pending_review,pending_review,Generated from FYP_0339 using approved synonym dictionary; seed=42.
FYP_0340,FYP_0340,Anemia,anemia fatigue dizziness pale skin weakness,English,original_english,fyp_original,pending_review,pending_review,original_unreviewed,
FYP_0340_A01,FYP_0340,Anemia,anemia fatigue lightheadedness pale skin weakness,English,controlled_synonym_paraphrase,controlled_synonym_augmentation,pending_review,pending_review,pending_review,Generated from FYP_0340 using approved synonym dictionary; seed=42.
FYP_0340_A02,FYP_0340,Anemia,anemia extreme tiredness dizziness pale skin feeling weak,English,controlled_synonym_paraphrase,controlled_synonym_augmentation,pending_review,pending_review,pending_review,Generated from FYP_0340 using approved synonym dictionary; seed=42.
FYP_0341,FYP_0341,Anemia,شدید تھکاوٹ کمزوری پیلا رنگ چکر سانس پھولنا خون کی کمی,Urdu-script,original_urdu_script,fyp_original,pending_review,pending_review,original_unreviewed,
FYP_0342,FYP_0342,Anemia,خون کی کمی کمزوری تھکاوٹ پیلا چہرہ چکر آنا,Urdu-script,original_urdu_script,fyp_original,pending_review,pending_review,original_unreviewed,
FYP_0343,FYP_0343,Anemia,انیمیا تھکاوٹ کمزوری پیلی جلد چکر سانس پھولنا,Urdu-script,original_urdu_script,fyp_original,pending_review,pending_review,original_unreviewed,
FYP_0344,FYP_0344,Anemia,کمزوری تھکاوٹ پیلے ناخن پیلا چہرہ چکر خون کی کمی,Urdu-script,original_urdu_script,fyp_original,pending_review,pending_review,original_unreviewed,
FYP_0345,FYP_0345,Anemia,خون کی کمی تھکاوٹ کمزوری پیلا رنگ سانس پھولنا,Urdu-script,original_urdu_script,fyp_original,pending_review,pending_review,original_unreviewed,
FYP_0346,FYP_0346,Arthritis,joint pain swelling stiffness morning worse difficulty moving,English,original_english,fyp_original,pending_review,pending_review,original_unreviewed,
FYP_0346_A01,FYP_0346,Arthritis,aching joints swelling stiffness morning worse difficulty moving,English,controlled_synonym_paraphrase,controlled_synonym_augmentation,pending_review,pending_review,pending_review,Generated from FYP_0346 using approved synonym dictionary; seed=42.
FYP_0346_A02,FYP_0346,Arthritis,pain in the joints swelling stiffness morning worse difficulty moving,English,controlled_synonym_paraphrase,controlled_synonym_augmentation,pending_review,pending_review,pending_review,Generated from FYP_0346 using approved synonym dictionary; seed=42.
FYP_0347,FYP_0347,Arthritis,painful swollen joints stiffness arthritis,English,original_english,fyp_original,pending_review,pending_review,original_unreviewed,
FYP_0348,FYP_0348,Arthritis,joint swelling pain stiffness difficulty walking,English,original_english,fyp_original,pending_review,pending_review,original_unreviewed,
FYP_0349,FYP_0349,Arthritis,arthritis joint pain stiffness morning swelling,English,original_english,fyp_original,pending_review,pending_review,original_unreviewed,
FYP_0349_A01,FYP_0349,Arthritis,arthritis pain in the joints stiffness morning swelling,English,controlled_synonym_paraphrase,controlled_synonym_augmentation,pending_review,pending_review,pending_review,Generated from FYP_0349 using approved synonym dictionary; seed=42.
FYP_0350,FYP_0350,Arthritis,stiff painful joints swelling difficulty movement arthritis,English,original_english,fyp_original,pending_review,pending_review,original_unreviewed,
FYP_0351,FYP_0351,Arthritis,joint pain swelling stiffness reduced movement arthritis,English,original_english,fyp_original,pending_review,pending_review,original_unreviewed,
FYP_0351_A01,FYP_0351,Arthritis,pain in the joints swelling stiffness reduced movement arthritis,English,controlled_synonym_paraphrase,controlled_synonym_augmentation,pending_review,pending_review,pending_review,Generated from FYP_0351 using approved synonym dictionary; seed=42.
FYP_0352,FYP_0352,Arthritis,painful joints stiffness swelling difficulty moving,English,original_english,fyp_original,pending_review,pending_review,original_unreviewed,
FYP_0353,FYP_0353,Arthritis,arthritis stiff swollen joints morning pain,English,original_english,fyp_original,pending_review,pending_review,original_unreviewed,
FYP_0354,FYP_0354,Arthritis,joint pain stiffness swelling arthritis difficulty moving,English,original_english,fyp_original,pending_review,pending_review,original_unreviewed,
FYP_0354_A01,FYP_0354,Arthritis,aching joints stiffness swelling arthritis difficulty moving,English,controlled_synonym_paraphrase,controlled_synonym_augmentation,pending_review,pending_review,pending_review,Generated from FYP_0354 using approved synonym dictionary; seed=42.
FYP_0355,FYP_0355,Arthritis,stiff swollen painful joints arthritis morning worse,English,original_english,fyp_original,pending_review,pending_review,original_unreviewed,
FYP_0356,FYP_0356,Arthritis,جوڑوں میں درد سوجن اکڑاہٹ چلنے میں دشواری,Urdu-script,original_urdu_script,fyp_original,pending_review,pending_review,original_unreviewed,
FYP_0357,FYP_0357,Arthritis,جوڑوں میں درد سوجن اکڑاہٹ گٹھیا,Urdu-script,original_urdu_script,fyp_original,pending_review,pending_review,original_unreviewed,
FYP_0358,FYP_0358,Arthritis,گٹھیا جوڑوں میں درد سوجن اکڑاہٹ صبح زیادہ,Urdu-script,original_urdu_script,fyp_original,pending_review,pending_review,original_unreviewed,
FYP_0359,FYP_0359,Arthritis,جوڑوں کا درد سوجن اکڑاہٹ حرکت میں دشواری گٹھیا,Urdu-script,original_urdu_script,fyp_original,pending_review,pending_review,original_unreviewed,
FYP_0360,FYP_0360,Arthritis,گٹھیا دردناک سوجے ہوئے جوڑ صبح اکڑاہٹ,Urdu-script,original_urdu_script,fyp_original,pending_review,pending_review,original_unreviewed,
FYP_0361,FYP_0361,Tuberculosis,persistent cough blood in sputum night sweats weight loss,English,original_english,fyp_original,pending_review,pending_review,original_unreviewed,
FYP_0361_A01,FYP_0361,Tuberculosis,persistent cough blood in sputum sweating at night weight loss,English,controlled_synonym_paraphrase,controlled_synonym_augmentation,pending_review,pending_review,pending_review,Generated from FYP_0361 using approved synonym dictionary; seed=42.
FYP_0361_A02,FYP_0361,Tuberculosis,persistent coughing blood in sputum heavy sweating during sleep weight loss,English,controlled_synonym_paraphrase,controlled_synonym_augmentation,pending_review,pending_review,pending_review,Generated from FYP_0361 using approved synonym dictionary; seed=42.
FYP_0362,FYP_0362,Tuberculosis,chronic cough coughing blood weight loss night sweats fever,English,original_english,fyp_original,pending_review,pending_review,original_unreviewed,
FYP_0362_A01,FYP_0362,Tuberculosis,chronic cough coughing blood unexplained loss of weight night sweats fever,English,controlled_synonym_paraphrase,controlled_synonym_augmentation,pending_review,pending_review,pending_review,Generated from FYP_0362 using approved synonym dictionary; seed=42.
FYP_0362_A02,FYP_0362,Tuberculosis,chronic coughing coughing blood weight loss night sweats raised temperature,English,controlled_synonym_paraphrase,controlled_synonym_augmentation,pending_review,pending_review,pending_review,Generated from FYP_0362 using approved synonym dictionary; seed=42.
FYP_0363,FYP_0363,Tuberculosis,TB cough with blood night sweats weight loss fatigue,English,original_english,fyp_original,pending_review,pending_review,original_unreviewed,
FYP_0363_A01,FYP_0363,Tuberculosis,TB cough with blood sweating at night weight loss fatigue,English,controlled_synonym_paraphrase,controlled_synonym_augmentation,pending_review,pending_review,pending_review,Generated from FYP_0363 using approved synonym dictionary; seed=42.
FYP_0363_A02,FYP_0363,Tuberculosis,TB coughing with blood night sweats weight loss feeling very tired,English,controlled_synonym_paraphrase,controlled_synonym_augmentation,pending_review,pending_review,pending_review,Generated from FYP_0363 using approved synonym dictionary; seed=42.
FYP_0364,FYP_0364,Tuberculosis,prolonged cough sputum blood weight loss night sweats,English,original_english,fyp_original,pending_review,pending_review,original_unreviewed,
FYP_0364_A01,FYP_0364,Tuberculosis,prolonged cough sputum blood weight loss heavy sweating during sleep,English,controlled_synonym_paraphrase,controlled_synonym_augmentation,pending_review,pending_review,pending_review,Generated from FYP_0364 using approved synonym dictionary; seed=42.
FYP_0364_A02,FYP_0364,Tuberculosis,prolonged coughing sputum blood losing weight without trying night sweats,English,controlled_synonym_paraphrase,controlled_synonym_augmentation,pending_review,pending_review,pending_review,Generated from FYP_0364 using approved synonym dictionary; seed=42.
FYP_0365,FYP_0365,Tuberculosis,coughing blood weight loss night sweats fever tuberculosis,English,original_english,fyp_original,pending_review,pending_review,original_unreviewed,
FYP_0365_A01,FYP_0365,Tuberculosis,coughing blood losing weight without trying night sweats fever tuberculosis,English,controlled_synonym_paraphrase,controlled_synonym_augmentation,pending_review,pending_review,pending_review,Generated from FYP_0365 using approved synonym dictionary; seed=42.
FYP_0365_A02,FYP_0365,Tuberculosis,coughing blood losing weight without trying night sweats raised temperature tuberculosis,English,controlled_synonym_paraphrase,controlled_synonym_augmentation,pending_review,pending_review,pending_review,Generated from FYP_0365 using approved synonym dictionary; seed=42.
FYP_0366,FYP_0366,Tuberculosis,TB persistent cough blood sputum weight loss fever,English,original_english,fyp_original,pending_review,pending_review,original_unreviewed,
FYP_0366_A01,FYP_0366,Tuberculosis,TB persistent coughing blood sputum weight loss fever,English,controlled_synonym_paraphrase,controlled_synonym_augmentation,pending_review,pending_review,pending_review,Generated from FYP_0366 using approved synonym dictionary; seed=42.
FYP_0366_A02,FYP_0366,Tuberculosis,TB persistent coughing blood sputum unexplained loss of weight fever,English,controlled_synonym_paraphrase,controlled_synonym_augmentation,pending_review,pending_review,pending_review,Generated from FYP_0366 using approved synonym dictionary; seed=42.
FYP_0367,FYP_0367,Tuberculosis,chronic cough night sweats weight loss coughing blood,English,original_english,fyp_original,pending_review,pending_review,original_unreviewed,
FYP_0367_A01,FYP_0367,Tuberculosis,chronic coughing night sweats weight loss coughing blood,English,controlled_synonym_paraphrase,controlled_synonym_augmentation,pending_review,pending_review,pending_review,Generated from FYP_0367 using approved synonym dictionary; seed=42.
FYP_0367_A02,FYP_0367,Tuberculosis,chronic coughing night sweats losing weight without trying coughing blood,English,controlled_synonym_paraphrase,controlled_synonym_augmentation,pending_review,pending_review,pending_review,Generated from FYP_0367 using approved synonym dictionary; seed=42.
FYP_0368,FYP_0368,Tuberculosis,tuberculosis cough blood night sweats weight loss,English,original_english,fyp_original,pending_review,pending_review,original_unreviewed,
FYP_0368_A01,FYP_0368,Tuberculosis,tuberculosis coughing blood night sweats weight loss,English,controlled_synonym_paraphrase,controlled_synonym_augmentation,pending_review,pending_review,pending_review,Generated from FYP_0368 using approved synonym dictionary; seed=42.
FYP_0368_A02,FYP_0368,Tuberculosis,tuberculosis coughing blood heavy sweating during sleep weight loss,English,controlled_synonym_paraphrase,controlled_synonym_augmentation,pending_review,pending_review,pending_review,Generated from FYP_0368 using approved synonym dictionary; seed=42.
FYP_0369,FYP_0369,Tuberculosis,persistent productive cough blood night sweats weight loss,English,original_english,fyp_original,pending_review,pending_review,original_unreviewed,
FYP_0369_A01,FYP_0369,Tuberculosis,persistent productive coughing blood night sweats weight loss,English,controlled_synonym_paraphrase,controlled_synonym_augmentation,pending_review,pending_review,pending_review,Generated from FYP_0369 using approved synonym dictionary; seed=42.
FYP_0369_A02,FYP_0369,Tuberculosis,persistent productive coughing blood night sweats losing weight without trying,English,controlled_synonym_paraphrase,controlled_synonym_augmentation,pending_review,pending_review,pending_review,Generated from FYP_0369 using approved synonym dictionary; seed=42.
FYP_0370,FYP_0370,Tuberculosis,TB cough blood sputum night sweats weight loss fever,English,original_english,fyp_original,pending_review,pending_review,original_unreviewed,
FYP_0370_A01,FYP_0370,Tuberculosis,TB coughing blood sputum night sweats weight loss fever,English,controlled_synonym_paraphrase,controlled_synonym_augmentation,pending_review,pending_review,pending_review,Generated from FYP_0370 using approved synonym dictionary; seed=42.
FYP_0370_A02,FYP_0370,Tuberculosis,TB cough blood sputum sweating at night weight loss raised temperature,English,controlled_synonym_paraphrase,controlled_synonym_augmentation,pending_review,pending_review,pending_review,Generated from FYP_0370 using approved synonym dictionary; seed=42.
FYP_0371,FYP_0371,Tuberculosis,مسلسل کھانسی خون آنا رات کو پسینہ وزن کم ہونا,Urdu-script,original_urdu_script,fyp_original,pending_review,pending_review,original_unreviewed,
FYP_0372,FYP_0372,Tuberculosis,ٹی بی کھانسی خون رات کو پسینہ وزن کم ہونا بخار,Urdu-script,original_urdu_script,fyp_original,pending_review,pending_review,original_unreviewed,
FYP_0373,FYP_0373,Tuberculosis,طویل کھانسی بلغم میں خون رات کو پسینہ وزن کم ہونا,Urdu-script,original_urdu_script,fyp_original,pending_review,pending_review,original_unreviewed,
FYP_0374,FYP_0374,Tuberculosis,تپ دق کھانسی خون پسینہ وزن کم ہونا تھکاوٹ,Urdu-script,original_urdu_script,fyp_original,pending_review,pending_review,original_unreviewed,
FYP_0375,FYP_0375,Tuberculosis,کھانسی میں خون رات کو پسینہ وزن کم ہونا بخار ٹی بی,Urdu-script,original_urdu_script,fyp_original,pending_review,pending_review,original_unreviewed,
FYP_0376,FYP_0376,Kidney Disease,lower back pain swelling feet decreased urination,English,original_english,fyp_original,pending_review,pending_review,original_unreviewed,
FYP_0377,FYP_0377,Kidney Disease,back pain ankle swelling decreased urine kidney problem,English,original_english,fyp_original,pending_review,pending_review,original_unreviewed,
FYP_0378,FYP_0378,Kidney Disease,swollen feet ankles decreased urination back pain kidney,English,original_english,fyp_original,pending_review,pending_review,original_unreviewed,
FYP_0378_A01,FYP_0378,Kidney Disease,feet that are swollen ankles decreased urination back pain kidney,English,controlled_synonym_paraphrase,controlled_synonym_augmentation,pending_review,pending_review,pending_review,Generated from FYP_0378 using approved synonym dictionary; seed=42.
FYP_0379,FYP_0379,Kidney Disease,kidney pain swollen feet decreased urine fatigue,English,original_english,fyp_original,pending_review,pending_review,original_unreviewed,
FYP_0379_A01,FYP_0379,Kidney Disease,kidney pain swollen feet decreased urine feeling very tired,English,controlled_synonym_paraphrase,controlled_synonym_augmentation,pending_review,pending_review,pending_review,Generated from FYP_0379 using approved synonym dictionary; seed=42.
FYP_0379_A02,FYP_0379,Kidney Disease,kidney pain swelling of the feet decreased urine tiredness,English,controlled_synonym_paraphrase,controlled_synonym_augmentation,pending_review,pending_review,pending_review,Generated from FYP_0379 using approved synonym dictionary; seed=42.
FYP_0380,FYP_0380,Kidney Disease,back flank pain swelling feet decreased urination kidney,English,original_english,fyp_original,pending_review,pending_review,original_unreviewed,
FYP_0381,FYP_0381,Kidney Disease,kidney disease swollen feet ankles back pain decreased urine,English,original_english,fyp_original,pending_review,pending_review,original_unreviewed,
FYP_0381_A01,FYP_0381,Kidney Disease,kidney disease swelling of the feet ankles back pain decreased urine,English,controlled_synonym_paraphrase,controlled_synonym_augmentation,pending_review,pending_review,pending_review,Generated from FYP_0381 using approved synonym dictionary; seed=42.
FYP_0381_A02,FYP_0381,Kidney Disease,kidney disease feet that are swollen ankles back pain decreased urine,English,controlled_synonym_paraphrase,controlled_synonym_augmentation,pending_review,pending_review,pending_review,Generated from FYP_0381 using approved synonym dictionary; seed=42.
FYP_0382,FYP_0382,Kidney Disease,flank pain feet swelling less urination kidney,English,original_english,fyp_original,pending_review,pending_review,original_unreviewed,
FYP_0383,FYP_0383,Kidney Disease,back pain swelling decreased urination kidney disease,English,original_english,fyp_original,pending_review,pending_review,original_unreviewed,
FYP_0384,FYP_0384,Kidney Disease,kidney problem swollen feet back pain urination decreased,English,original_english,fyp_original,pending_review,pending_review,original_unreviewed,
FYP_0384_A01,FYP_0384,Kidney Disease,kidney problem feet that are swollen back pain urination decreased,English,controlled_synonym_paraphrase,controlled_synonym_augmentation,pending_review,pending_review,pending_review,Generated from FYP_0384 using approved synonym dictionary; seed=42.
FYP_0384_A02,FYP_0384,Kidney Disease,kidney problem swelling of the feet back pain urination decreased,English,controlled_synonym_paraphrase,controlled_synonym_augmentation,pending_review,pending_review,pending_review,Generated from FYP_0384 using approved synonym dictionary; seed=42.
FYP_0385,FYP_0385,Kidney Disease,decreased urination swollen feet back pain kidney disease,English,original_english,fyp_original,pending_review,pending_review,original_unreviewed,
FYP_0385_A01,FYP_0385,Kidney Disease,decreased urination swelling of the feet back pain kidney disease,English,controlled_synonym_paraphrase,controlled_synonym_augmentation,pending_review,pending_review,pending_review,Generated from FYP_0385 using approved synonym dictionary; seed=42.
FYP_0386,FYP_0386,Kidney Disease,کمر میں درد پاؤں سوجنا پیشاب کم ہونا گردے کا مسئلہ,Urdu-script,original_urdu_script,fyp_original,pending_review,pending_review,original_unreviewed,
FYP_0387,FYP_0387,Kidney Disease,گردے کا مسئلہ پاؤں ٹخنوں میں سوجن کمر درد پیشاب کم,Urdu-script,original_urdu_script,fyp_original,pending_review,pending_review,original_unreviewed,
FYP_0388,FYP_0388,Kidney Disease,گردے کا درد سوجے پاؤں پیشاب کم تھکاوٹ,Urdu-script,original_urdu_script,fyp_original,pending_review,pending_review,original_unreviewed,
FYP_0389,FYP_0389,Kidney Disease,کمر میں درد پاؤں سوجنا پیشاب کم ہونا گردے,Urdu-script,original_urdu_script,fyp_original,pending_review,pending_review,original_unreviewed,
FYP_0390,FYP_0390,Kidney Disease,گردے کی بیماری پاؤں سوجنا کمر درد پیشاب کم ہونا,Urdu-script,original_urdu_script,fyp_original,pending_review,pending_review,original_unreviewed,
FYP_0391,FYP_0391,Hepatitis,jaundice yellow skin eyes abdominal pain fatigue,English,original_english,fyp_original,pending_review,pending_review,original_unreviewed,
FYP_0391_A01,FYP_0391,Hepatitis,jaundice yellow skin eyes abdominal pain feeling very tired,English,controlled_synonym_paraphrase,controlled_synonym_augmentation,pending_review,pending_review,pending_review,Generated from FYP_0391 using approved synonym dictionary; seed=42.
FYP_0391_A02,FYP_0391,Hepatitis,jaundice yellow skin eyes pain in the abdomen tiredness,English,controlled_synonym_paraphrase,controlled_synonym_augmentation,pending_review,pending_review,pending_review,Generated from FYP_0391 using approved synonym dictionary; seed=42.
FYP_0392,FYP_0392,Hepatitis,yellow skin eyes dark urine fatigue abdominal pain hepatitis,English,original_english,fyp_original,pending_review,pending_review,original_unreviewed,
FYP_0392_A01,FYP_0392,Hepatitis,yellow skin eyes dark urine extreme tiredness abdominal pain hepatitis,English,controlled_synonym_paraphrase,controlled_synonym_augmentation,pending_review,pending_review,pending_review,Generated from FYP_0392 using approved synonym dictionary; seed=42.
FYP_0392_A02,FYP_0392,Hepatitis,yellow skin eyes dark urine tiredness pain in the abdomen hepatitis,English,controlled_synonym_paraphrase,controlled_synonym_augmentation,pending_review,pending_review,pending_review,Generated from FYP_0392 using approved synonym dictionary; seed=42.
FYP_0393,FYP_0393,Hepatitis,jaundice dark urine fatigue nausea hepatitis,English,original_english,fyp_original,pending_review,pending_review,original_unreviewed,
FYP_0393_A01,FYP_0393,Hepatitis,jaundice dark urine feeling very tired nausea hepatitis,English,controlled_synonym_paraphrase,controlled_synonym_augmentation,pending_review,pending_review,pending_review,Generated from FYP_0393 using approved synonym dictionary; seed=42.
FYP_0393_A02,FYP_0393,Hepatitis,jaundice dark urine extreme tiredness feeling like vomiting hepatitis,English,controlled_synonym_paraphrase,controlled_synonym_augmentation,pending_review,pending_review,pending_review,Generated from FYP_0393 using approved synonym dictionary; seed=42.
FYP_0394,FYP_0394,Hepatitis,yellow eyes skin fatigue abdominal pain dark urine,English,original_english,fyp_original,pending_review,pending_review,original_unreviewed,
FYP_0394_A01,FYP_0394,Hepatitis,yellow eyes skin fatigue stomach pain dark urine,English,controlled_synonym_paraphrase,controlled_synonym_augmentation,pending_review,pending_review,pending_review,Generated from FYP_0394 using approved synonym dictionary; seed=42.
FYP_0394_A02,FYP_0394,Hepatitis,yellow eyes skin feeling very tired stomach pain dark urine,English,controlled_synonym_paraphrase,controlled_synonym_augmentation,pending_review,pending_review,pending_review,Generated from FYP_0394 using approved synonym dictionary; seed=42.
FYP_0395,FYP_0395,Hepatitis,hepatitis jaundice yellow skin eyes dark urine fatigue,English,original_english,fyp_original,pending_review,pending_review,original_unreviewed,
FYP_0395_A01,FYP_0395,Hepatitis,hepatitis jaundice yellow skin eyes dark urine feeling very tired,English,controlled_synonym_paraphrase,controlled_synonym_augmentation,pending_review,pending_review,pending_review,Generated from FYP_0395 using approved synonym dictionary; seed=42.
FYP_0395_A02,FYP_0395,Hepatitis,hepatitis jaundice yellow skin eyes dark urine extreme tiredness,English,controlled_synonym_paraphrase,controlled_synonym_augmentation,pending_review,pending_review,pending_review,Generated from FYP_0395 using approved synonym dictionary; seed=42.
FYP_0396,FYP_0396,Hepatitis,yellowing skin eyes dark urine fatigue nausea hepatitis,English,original_english,fyp_original,pending_review,pending_review,original_unreviewed,
FYP_0396_A01,FYP_0396,Hepatitis,yellowing skin eyes dark urine feeling very tired nausea hepatitis,English,controlled_synonym_paraphrase,controlled_synonym_augmentation,pending_review,pending_review,pending_review,Generated from FYP_0396 using approved synonym dictionary; seed=42.
FYP_0396_A02,FYP_0396,Hepatitis,yellowing skin eyes dark urine extreme tiredness feeling like vomiting hepatitis,English,controlled_synonym_paraphrase,controlled_synonym_augmentation,pending_review,pending_review,pending_review,Generated from FYP_0396 using approved synonym dictionary; seed=42.
FYP_0397,FYP_0397,Hepatitis,jaundice dark urine abdominal pain fatigue hepatitis,English,original_english,fyp_original,pending_review,pending_review,original_unreviewed,
FYP_0397_A01,FYP_0397,Hepatitis,jaundice dark urine abdominal pain feeling very tired hepatitis,English,controlled_synonym_paraphrase,controlled_synonym_augmentation,pending_review,pending_review,pending_review,Generated from FYP_0397 using approved synonym dictionary; seed=42.
FYP_0397_A02,FYP_0397,Hepatitis,jaundice dark urine belly pain tiredness hepatitis,English,controlled_synonym_paraphrase,controlled_synonym_augmentation,pending_review,pending_review,pending_review,Generated from FYP_0397 using approved synonym dictionary; seed=42.
FYP_0398,FYP_0398,Hepatitis,yellow skin eyes hepatitis fatigue abdominal pain,English,original_english,fyp_original,pending_review,pending_review,original_unreviewed,
FYP_0398_A01,FYP_0398,Hepatitis,yellow skin eyes hepatitis feeling very tired abdominal pain,English,controlled_synonym_paraphrase,controlled_synonym_augmentation,pending_review,pending_review,pending_review,Generated from FYP_0398 using approved synonym dictionary; seed=42.
FYP_0398_A02,FYP_0398,Hepatitis,yellow skin eyes hepatitis extreme tiredness stomach pain,English,controlled_synonym_paraphrase,controlled_synonym_augmentation,pending_review,pending_review,pending_review,Generated from FYP_0398 using approved synonym dictionary; seed=42.
FYP_0399,FYP_0399,Hepatitis,hepatitis jaundice fatigue dark urine abdominal pain,English,original_english,fyp_original,pending_review,pending_review,original_unreviewed,
FYP_0399_A01,FYP_0399,Hepatitis,hepatitis jaundice extreme tiredness dark urine abdominal pain,English,controlled_synonym_paraphrase,controlled_synonym_augmentation,pending_review,pending_review,pending_review,Generated from FYP_0399 using approved synonym dictionary; seed=42.
FYP_0399_A02,FYP_0399,Hepatitis,hepatitis jaundice extreme tiredness dark urine belly pain,English,controlled_synonym_paraphrase,controlled_synonym_augmentation,pending_review,pending_review,pending_review,Generated from FYP_0399 using approved synonym dictionary; seed=42.
FYP_0400,FYP_0400,Hepatitis,yellow skin dark urine fatigue nausea hepatitis,English,original_english,fyp_original,pending_review,pending_review,original_unreviewed,
FYP_0400_A01,FYP_0400,Hepatitis,yellow skin dark urine fatigue feeling like vomiting hepatitis,English,controlled_synonym_paraphrase,controlled_synonym_augmentation,pending_review,pending_review,pending_review,Generated from FYP_0400 using approved synonym dictionary; seed=42.
FYP_0400_A02,FYP_0400,Hepatitis,yellow skin dark urine extreme tiredness feeling like vomiting hepatitis,English,controlled_synonym_paraphrase,controlled_synonym_augmentation,pending_review,pending_review,pending_review,Generated from FYP_0400 using approved synonym dictionary; seed=42.
FYP_0401,FYP_0401,Hepatitis,یرقان پیلی جلد آنکھیں گہرا پیشاب تھکاوٹ پیٹ درد,Urdu-script,original_urdu_script,fyp_original,pending_review,pending_review,original_unreviewed,
FYP_0402,FYP_0402,Hepatitis,ہیپاٹائٹس پیلا رنگ آنکھیں گہرا پیشاب تھکاوٹ,Urdu-script,original_urdu_script,fyp_original,pending_review,pending_review,original_unreviewed,
FYP_0403,FYP_0403,Hepatitis,یرقان گہرا پیشاب تھکاوٹ متلی ہیپاٹائٹس,Urdu-script,original_urdu_script,fyp_original,pending_review,pending_review,original_unreviewed,
FYP_0404,FYP_0404,Hepatitis,پیلی آنکھیں جلد تھکاوٹ پیٹ درد گہرا پیشاب,Urdu-script,original_urdu_script,fyp_original,pending_review,pending_review,original_unreviewed,
FYP_0405,FYP_0405,Hepatitis,ہیپاٹائٹس یرقان تھکاوٹ گہرا پیشاب پیٹ درد,Urdu-script,original_urdu_script,fyp_original,pending_review,pending_review,original_unreviewed,
FYP_0406,FYP_0406,Psoriasis,red scaly patches skin itchy thick scales psoriasis,English,original_english,fyp_original,pending_review,pending_review,original_unreviewed,
FYP_0407,FYP_0407,Psoriasis,scaly red skin patches psoriasis itchy thick plaques,English,original_english,fyp_original,pending_review,pending_review,original_unreviewed,
FYP_0408,FYP_0408,Psoriasis,psoriasis red scaly patches skin itching,English,original_english,fyp_original,pending_review,pending_review,original_unreviewed,
FYP_0409,FYP_0409,Psoriasis,thick scaly red patches skin psoriasis itching,English,original_english,fyp_original,pending_review,pending_review,original_unreviewed,
FYP_0410,FYP_0410,Psoriasis,psoriasis itchy red scaly skin patches,English,original_english,fyp_original,pending_review,pending_review,original_unreviewed,
FYP_0411,FYP_0411,Psoriasis,red patches thick scales itching psoriasis skin,English,original_english,fyp_original,pending_review,pending_review,original_unreviewed,
FYP_0412,FYP_0412,Psoriasis,scaly skin patches psoriasis red itchy thick,English,original_english,fyp_original,pending_review,pending_review,original_unreviewed,
FYP_0413,FYP_0413,Psoriasis,psoriasis scaly red patches itchy skin,English,original_english,fyp_original,pending_review,pending_review,original_unreviewed,
FYP_0413_A01,FYP_0413,Psoriasis,psoriasis scaly red patches skin that feels itchy,English,controlled_synonym_paraphrase,controlled_synonym_augmentation,pending_review,pending_review,pending_review,Generated from FYP_0413 using approved synonym dictionary; seed=42.
FYP_0413_A02,FYP_0413,Psoriasis,psoriasis scaly red patches itching skin,English,controlled_synonym_paraphrase,controlled_synonym_augmentation,pending_review,pending_review,pending_review,Generated from FYP_0413 using approved synonym dictionary; seed=42.
FYP_0414,FYP_0414,Psoriasis,itchy thick scaly red skin patches psoriasis,English,original_english,fyp_original,pending_review,pending_review,original_unreviewed,
FYP_0415,FYP_0415,Psoriasis,psoriasis red scaly itchy patches skin,English,original_english,fyp_original,pending_review,pending_review,original_unreviewed,
FYP_0416,FYP_0416,Psoriasis,جلد پر سرخ کھردرے دھبے کھجلی موٹی پرت صدفیہ,Urdu-script,original_urdu_script,fyp_original,pending_review,pending_review,original_unreviewed,
FYP_0417,FYP_0417,Psoriasis,صدفیہ سرخ کھردری جلد کھجلی,Urdu-script,original_urdu_script,fyp_original,pending_review,pending_review,original_unreviewed,
FYP_0418,FYP_0418,Psoriasis,جلد پر موٹی کھردری پرت صدفیہ کھجلی,Urdu-script,original_urdu_script,fyp_original,pending_review,pending_review,original_unreviewed,
FYP_0419,FYP_0419,Psoriasis,سرخ کھردرے دھبے جلد کھجلی صدفیہ,Urdu-script,original_urdu_script,fyp_original,pending_review,pending_review,original_unreviewed,
FYP_0420,FYP_0420,Psoriasis,صدفیہ جلد پر کھردرے سرخ دھبے کھجلی,Urdu-script,original_urdu_script,fyp_original,pending_review,pending_review,original_unreviewed,
FYP_0421,FYP_0421,Shingles,painful rash one side body blisters nerve pain shingles,English,original_english,fyp_original,pending_review,pending_review,original_unreviewed,
FYP_0422,FYP_0422,Shingles,burning rash blisters one side body nerve pain shingles,English,original_english,fyp_original,pending_review,pending_review,original_unreviewed,
FYP_0423,FYP_0423,Shingles,shingles painful rash blisters one side body,English,original_english,fyp_original,pending_review,pending_review,original_unreviewed,
FYP_0424,FYP_0424,Shingles,painful blisters rash one side nerve pain shingles,English,original_english,fyp_original,pending_review,pending_review,original_unreviewed,
FYP_0425,FYP_0425,Shingles,shingles nerve pain burning rash blisters one side,English,original_english,fyp_original,pending_review,pending_review,original_unreviewed,
FYP_0426,FYP_0426,Shingles,blisters painful rash one side shingles burning,English,original_english,fyp_original,pending_review,pending_review,original_unreviewed,
FYP_0427,FYP_0427,Shingles,shingles painful rash one side blisters nerve pain,English,original_english,fyp_original,pending_review,pending_review,original_unreviewed,
FYP_0428,FYP_0428,Shingles,burning nerve pain rash blisters one side shingles,English,original_english,fyp_original,pending_review,pending_review,original_unreviewed,
FYP_0429,FYP_0429,Shingles,painful shingles rash blisters one side body,English,original_english,fyp_original,pending_review,pending_review,original_unreviewed,
FYP_0430,FYP_0430,Shingles,shingles burning rash nerve pain blisters one side,English,original_english,fyp_original,pending_review,pending_review,original_unreviewed,
FYP_0431,FYP_0431,Shingles,جسم کے ایک طرف دردناک خارش چھالے اعصابی درد,Urdu-script,original_urdu_script,fyp_original,pending_review,pending_review,original_unreviewed,
FYP_0432,FYP_0432,Shingles,دردناک خارش چھالے ایک طرف اعصابی درد شنگلز,Urdu-script,original_urdu_script,fyp_original,pending_review,pending_review,original_unreviewed,
FYP_0433,FYP_0433,Shingles,شنگلز ایک طرف خارش چھالے جلن اعصابی درد,Urdu-script,original_urdu_script,fyp_original,pending_review,pending_review,original_unreviewed,
FYP_0434,FYP_0434,Shingles,جسم ایک طرف جلن خارش چھالے اعصابی درد شنگلز,Urdu-script,original_urdu_script,fyp_original,pending_review,pending_review,original_unreviewed,
FYP_0435,FYP_0435,Shingles,شنگلز دردناک خارش ایک طرف چھالے,Urdu-script,original_urdu_script,fyp_original,pending_review,pending_review,original_unreviewed,
FYP_0436,FYP_0436,Pediatric Fever,high fever child not eating irritable seizure,English,original_english,fyp_original,pending_review,pending_review,original_unreviewed,
FYP_0436_A01,FYP_0436,Pediatric Fever,high raised temperature child not eating irritable seizure,English,controlled_synonym_paraphrase,controlled_synonym_augmentation,pending_review,pending_review,pending_review,Generated from FYP_0436 using approved synonym dictionary; seed=42.
FYP_0437,FYP_0437,Pediatric Fever,baby high fever not drinking irritable febrile seizure,English,original_english,fyp_original,pending_review,pending_review,original_unreviewed,
FYP_0437_A01,FYP_0437,Pediatric Fever,baby high high temperature not drinking irritable febrile seizure,English,controlled_synonym_paraphrase,controlled_synonym_augmentation,pending_review,pending_review,pending_review,Generated from FYP_0437 using approved synonym dictionary; seed=42.
FYP_0437_A02,FYP_0437,Pediatric Fever,baby high raised temperature not drinking irritable febrile seizure,English,controlled_synonym_paraphrase,controlled_synonym_augmentation,pending_review,pending_review,pending_review,Generated from FYP_0437 using approved synonym dictionary; seed=42.
FYP_0438,FYP_0438,Pediatric Fever,child fever above 39 not eating crying continuously,English,original_english,fyp_original,pending_review,pending_review,original_unreviewed,
FYP_0438_A01,FYP_0438,Pediatric Fever,child high temperature above 39 not eating crying continuously,English,controlled_synonym_paraphrase,controlled_synonym_augmentation,pending_review,pending_review,pending_review,Generated from FYP_0438 using approved synonym dictionary; seed=42.
FYP_0438_A02,FYP_0438,Pediatric Fever,child raised temperature above 39 not eating crying continuously,English,controlled_synonym_paraphrase,controlled_synonym_augmentation,pending_review,pending_review,pending_review,Generated from FYP_0438 using approved synonym dictionary; seed=42.
FYP_0439,FYP_0439,Pediatric Fever,infant high fever very irritable not feeding,English,original_english,fyp_original,pending_review,pending_review,original_unreviewed,
FYP_0439_A01,FYP_0439,Pediatric Fever,infant severe fever very irritable not feeding,English,controlled_synonym_paraphrase,controlled_synonym_augmentation,pending_review,pending_review,pending_review,Generated from FYP_0439 using approved synonym dictionary; seed=42.
FYP_0439_A02,FYP_0439,Pediatric Fever,infant severe raised temperature very irritable not feeding,English,controlled_synonym_paraphrase,controlled_synonym_augmentation,pending_review,pending_review,pending_review,Generated from FYP_0439 using approved synonym dictionary; seed=42.
FYP_0440,FYP_0440,Pediatric Fever,high temperature child irritable not eating,English,original_english,fyp_original,pending_review,pending_review,original_unreviewed,
FYP_0441,FYP_0441,Pediatric Fever,child very high fever seizure not drinking,English,original_english,fyp_original,pending_review,pending_review,original_unreviewed,
FYP_0441_A01,FYP_0441,Pediatric Fever,child very high raised temperature seizure not drinking,English,controlled_synonym_paraphrase,controlled_synonym_augmentation,pending_review,pending_review,pending_review,Generated from FYP_0441 using approved synonym dictionary; seed=42.
FYP_0442,FYP_0442,Pediatric Fever,baby high fever crying irritable not feeding,English,original_english,fyp_original,pending_review,pending_review,original_unreviewed,
FYP_0442_A01,FYP_0442,Pediatric Fever,baby severe fever crying irritable not feeding,English,controlled_synonym_paraphrase,controlled_synonym_augmentation,pending_review,pending_review,pending_review,Generated from FYP_0442 using approved synonym dictionary; seed=42.
FYP_0442_A02,FYP_0442,Pediatric Fever,baby very high temperature crying irritable not feeding,English,controlled_synonym_paraphrase,controlled_synonym_augmentation,pending_review,pending_review,pending_review,Generated from FYP_0442 using approved synonym dictionary; seed=42.
FYP_0443,FYP_0443,Pediatric Fever,child fever seizure not eating very irritable,English,original_english,fyp_original,pending_review,pending_review,original_unreviewed,
FYP_0443_A01,FYP_0443,Pediatric Fever,child high temperature seizure not eating very irritable,English,controlled_synonym_paraphrase,controlled_synonym_augmentation,pending_review,pending_review,pending_review,Generated from FYP_0443 using approved synonym dictionary; seed=42.
FYP_0444,FYP_0444,Pediatric Fever,infant high temperature not feeding irritable,English,original_english,fyp_original,pending_review,pending_review,original_unreviewed,
FYP_0445,FYP_0445,Pediatric Fever,child high fever not eating irritable febrile,English,original_english,fyp_original,pending_review,pending_review,original_unreviewed,
FYP_0445_A01,FYP_0445,Pediatric Fever,child severe fever not eating irritable febrile,English,controlled_synonym_paraphrase,controlled_synonym_augmentation,pending_review,pending_review,pending_review,Generated from FYP_0445 using approved synonym dictionary; seed=42.
FYP_0445_A02,FYP_0445,Pediatric Fever,child very high temperature not eating irritable febrile,English,controlled_synonym_paraphrase,controlled_synonym_augmentation,pending_review,pending_review,pending_review,Generated from FYP_0445 using approved synonym dictionary; seed=42.
FYP_0446,FYP_0446,Pediatric Fever,بچے کو تیز بخار کھانا نہیں کھا رہا چڑچڑا پن دورہ,Urdu-script,original_urdu_script,fyp_original,pending_review,pending_review,original_unreviewed,
FYP_0447,FYP_0447,Pediatric Fever,بچے کو تیز بخار نہیں پی رہا چڑچڑا,Urdu-script,original_urdu_script,fyp_original,pending_review,pending_review,original_unreviewed,
FYP_0448,FYP_0448,Pediatric Fever,بچہ تیز بخار 39 سے اوپر نہیں کھا رہا مسلسل رو رہا,Urdu-script,original_urdu_script,fyp_original,pending_review,pending_review,original_unreviewed,
FYP_0449,FYP_0449,Pediatric Fever,بچہ تیز بخار بہت چڑچڑا نہیں کھا رہا,Urdu-script,original_urdu_script,fyp_original,pending_review,pending_review,original_unreviewed,
FYP_0450,FYP_0450,Pediatric Fever,بچے کو تیز بخار دورہ پڑنا نہیں پی رہا,Urdu-script,original_urdu_script,fyp_original,pending_review,pending_review,original_unreviewed,
FYP_0451,FYP_0451,Malaria,high fever chills sweating headache nausea malaria,English,original_english,fyp_original,pending_review,pending_review,original_unreviewed,
FYP_0451_A01,FYP_0451,Malaria,severe fever chills sweating headache nausea malaria,English,controlled_synonym_paraphrase,controlled_synonym_augmentation,pending_review,pending_review,pending_review,Generated from FYP_0451 using approved synonym dictionary; seed=42.
FYP_0451_A02,FYP_0451,Malaria,high raised temperature chills sweating headache nausea malaria,English,controlled_synonym_paraphrase,controlled_synonym_augmentation,pending_review,pending_review,pending_review,Generated from FYP_0451 using approved synonym dictionary; seed=42.
FYP_0452,FYP_0452,Malaria,cyclic fever chills sweating muscle pain malaria,English,original_english,fyp_original,pending_review,pending_review,original_unreviewed,
FYP_0452_A01,FYP_0452,Malaria,cyclic raised temperature chills sweating muscle pain malaria,English,controlled_synonym_paraphrase,controlled_synonym_augmentation,pending_review,pending_review,pending_review,Generated from FYP_0452 using approved synonym dictionary; seed=42.
FYP_0452_A02,FYP_0452,Malaria,cyclic high temperature chills sweating muscle aches malaria,English,controlled_synonym_paraphrase,controlled_synonym_augmentation,pending_review,pending_review,pending_review,Generated from FYP_0452 using approved synonym dictionary; seed=42.
FYP_0453,FYP_0453,Malaria,fever rigors sweating headache malaria,English,original_english,fyp_original,pending_review,pending_review,original_unreviewed,
FYP_0453_A01,FYP_0453,Malaria,fever rigors sweating pain in the head malaria,English,controlled_synonym_paraphrase,controlled_synonym_augmentation,pending_review,pending_review,pending_review,Generated from FYP_0453 using approved synonym dictionary; seed=42.
FYP_0453_A02,FYP_0453,Malaria,high temperature rigors sweating head pain malaria,English,controlled_synonym_paraphrase,controlled_synonym_augmentation,pending_review,pending_review,pending_review,Generated from FYP_0453 using approved synonym dictionary; seed=42.
FYP_0454,FYP_0454,Malaria,high fever shaking chills sweating malaria,English,original_english,fyp_original,pending_review,pending_review,original_unreviewed,
FYP_0454_A01,FYP_0454,Malaria,high high temperature shaking chills sweating malaria,English,controlled_synonym_paraphrase,controlled_synonym_augmentation,pending_review,pending_review,pending_review,Generated from FYP_0454 using approved synonym dictionary; seed=42.
FYP_0454_A02,FYP_0454,Malaria,very high temperature shaking chills sweating malaria,English,controlled_synonym_paraphrase,controlled_synonym_augmentation,pending_review,pending_review,pending_review,Generated from FYP_0454 using approved synonym dictionary; seed=42.
FYP_0455,FYP_0455,Malaria,malaria fever chills sweating headache nausea,English,original_english,fyp_original,pending_review,pending_review,original_unreviewed,
FYP_0455_A01,FYP_0455,Malaria,malaria fever chills sweating head pain nausea,English,controlled_synonym_paraphrase,controlled_synonym_augmentation,pending_review,pending_review,pending_review,Generated from FYP_0455 using approved synonym dictionary; seed=42.
FYP_0455_A02,FYP_0455,Malaria,malaria fever chills sweating head pain feeling sick,English,controlled_synonym_paraphrase,controlled_synonym_augmentation,pending_review,pending_review,pending_review,Generated from FYP_0455 using approved synonym dictionary; seed=42.
FYP_0456,FYP_0456,Malaria,cyclical fever chills sweating joint pain malaria,English,original_english,fyp_original,pending_review,pending_review,original_unreviewed,
FYP_0456_A01,FYP_0456,Malaria,cyclical high temperature chills sweating joint pain malaria,English,controlled_synonym_paraphrase,controlled_synonym_augmentation,pending_review,pending_review,pending_review,Generated from FYP_0456 using approved synonym dictionary; seed=42.
FYP_0456_A02,FYP_0456,Malaria,cyclical raised temperature chills sweating pain in the joints malaria,English,controlled_synonym_paraphrase,controlled_synonym_augmentation,pending_review,pending_review,pending_review,Generated from FYP_0456 using approved synonym dictionary; seed=42.
FYP_0457,FYP_0457,Malaria,fever chills rigors sweating malaria symptoms,English,original_english,fyp_original,pending_review,pending_review,original_unreviewed,
FYP_0457_A01,FYP_0457,Malaria,raised temperature chills rigors sweating malaria symptoms,English,controlled_synonym_paraphrase,controlled_synonym_augmentation,pending_review,pending_review,pending_review,Generated from FYP_0457 using approved synonym dictionary; seed=42.
FYP_0457_A02,FYP_0457,Malaria,high temperature chills rigors sweating malaria symptoms,English,controlled_synonym_paraphrase,controlled_synonym_augmentation,pending_review,pending_review,pending_review,Generated from FYP_0457 using approved synonym dictionary; seed=42.
FYP_0458,FYP_0458,Malaria,high fever shaking chills nausea malaria,English,original_english,fyp_original,pending_review,pending_review,original_unreviewed,
FYP_0458_A01,FYP_0458,Malaria,severe fever shaking chills nausea malaria,English,controlled_synonym_paraphrase,controlled_synonym_augmentation,pending_review,pending_review,pending_review,Generated from FYP_0458 using approved synonym dictionary; seed=42.
FYP_0458_A02,FYP_0458,Malaria,high raised temperature shaking chills feeling like vomiting malaria,English,controlled_synonym_paraphrase,controlled_synonym_augmentation,pending_review,pending_review,pending_review,Generated from FYP_0458 using approved synonym dictionary; seed=42.
FYP_0459,FYP_0459,Malaria,malaria cyclic fever chills sweating,English,original_english,fyp_original,pending_review,pending_review,original_unreviewed,
FYP_0459_A01,FYP_0459,Malaria,malaria cyclic high temperature chills sweating,English,controlled_synonym_paraphrase,controlled_synonym_augmentation,pending_review,pending_review,pending_review,Generated from FYP_0459 using approved synonym dictionary; seed=42.
FYP_0459_A02,FYP_0459,Malaria,malaria cyclic raised temperature chills sweating,English,controlled_synonym_paraphrase,controlled_synonym_augmentation,pending_review,pending_review,pending_review,Generated from FYP_0459 using approved synonym dictionary; seed=42.
FYP_0460,FYP_0460,Malaria,fever rigors chills sweating malaria headache,English,original_english,fyp_original,pending_review,pending_review,original_unreviewed,
FYP_0460_A01,FYP_0460,Malaria,fever rigors chills sweating malaria pain in the head,English,controlled_synonym_paraphrase,controlled_synonym_augmentation,pending_review,pending_review,pending_review,Generated from FYP_0460 using approved synonym dictionary; seed=42.
FYP_0460_A02,FYP_0460,Malaria,raised temperature rigors chills sweating malaria pain in the head,English,controlled_synonym_paraphrase,controlled_synonym_augmentation,pending_review,pending_review,pending_review,Generated from FYP_0460 using approved synonym dictionary; seed=42.
FYP_0461,FYP_0461,Malaria,تیز بخار ٹھنڈ لگنا پسینہ سر درد متلی ملیریا,Urdu-script,original_urdu_script,fyp_original,pending_review,pending_review,original_unreviewed,
FYP_0462,FYP_0462,Malaria,ملیریا بخار ٹھنڈ لگنا پسینہ سر درد,Urdu-script,original_urdu_script,fyp_original,pending_review,pending_review,original_unreviewed,
FYP_0463,FYP_0463,Malaria,باری کا بخار ٹھنڈ لگنا پسینہ ملیریا,Urdu-script,original_urdu_script,fyp_original,pending_review,pending_review,original_unreviewed,
FYP_0464,FYP_0464,Malaria,تیز بخار کپکپی پسینہ ملیریا,Urdu-script,original_urdu_script,fyp_original,pending_review,pending_review,original_unreviewed,
FYP_0465,FYP_0465,Malaria,ملیریا بخار کپکپی پسینہ سر درد متلی,Urdu-script,original_urdu_script,fyp_original,pending_review,pending_review,original_unreviewed,
